ec5_uuid,date,1_TIme,2_NC,4_ST_Behavior,5_Contact,6_AR,7_3M,8_Notes,10_NY_Behavior,11_Contact,12_AR,13_3M,14_Notes,16_SR_Behavior,17_Contact,18_AR,19_3M,20_Notes,22_TK_Behavior,23_Contact,24_AR,25_3M,26_Notes,28_TN_Behavior,29_Contact,30_AR,31_3M,32_Notes,highlight,msm,corrected_msm
f8c5c365-6a21-465b-8fe3-f7f0883d55a6,2025-03-14,1900-01-01 09:34:00,NO,RS,,,,,E,,,,,RS,,,,,RS,,,,,RS,,,,,,574,574.0
1843b240-cbac-4efd-837f-4cdc6c3e2b57,2025-03-14,1900-01-01 09:36:00,NO,RS,,,,,E,,,,,RS,,,,,RS,,,,,M,,,,,,576,576.0
5cb29631-aa3f-4178-8b2f-e27aed83a63a,2025-03-14,1900-01-01 09:38:00,NO,RS,,NY,TN,,RS,,ST,TN,,M,,,,,RS,,,,,M,,,"ST, NY",,,578,578.0
c81df9c3-55e4-48b9-83e5-58976f59f8f0,2025-03-14,1900-01-01 09:40:00,NO,RS,,,,,RS,,,,,RS,,,,,RS,,,,,RS,,,,,,580,580.0
c9832f0e-a51e-4407-9e02-b9b0b2d4e309,2025-03-14,1900-01-01 09:42:00,NO,RS,,,NY,,M,,,ST,,RS,,,,,RS,,,,,RS,,,,,,582,582.0
e66533d7-c0e0-4a2b-9dbe-9b0027f51b42,2025-03-14,1900-01-01 09:44:00,NO,M,,,"TN, NY",,M,,,"TN, ST",,RS,,,,,RS,,,,,DS,,,"ST, NY",Typical TN display - fart noise plus weird butt scooch,,584,584.0
46915bde-b509-4275-94e1-3af66441e021,2025-03-14,1900-01-01 09:46:00,NO,RS,,,SR,,RS,,,,,M,,,ST,,RS,,,,,RS,,,,,,586,586.0
a082c725-ac1a-4398-8731-31d5296cb83b,2025-03-14,1900-01-01 09:48:00,NO,GR,TN,,"SR, NY",,M,,,"SR, ST, TN",,M,,,"TN, ST, NY",,RS,,,,,GG,ST,,"NY, SR",,,588,588.0
c90d4d07-ca68-4d39-8f86-a31d68516511,2025-03-14,1900-01-01 09:50:00,NO,RS,,TN,,,PL,,SR,,Following SR,PL,,NY,,Being followed by NY,RS,,,,,RS,,ST,,,,590,590.0
250703f2-3799-42c5-84a1-581560f4566b,2025-03-14,1900-01-01 09:52:00,NO,RS,,TN,SR,,RS,,,,,M,,,"TN, ST",,RS,,,,,RS,,ST,SR,,,592,592.0
92e77fea-795e-44c9-94b4-2e2343478c1c,2025-03-14,1900-01-01 09:54:00,NO,RS,,,TN,,RS,,,,,M,,,,,RS,,,,,M,,,ST,,,594,594.0
85cee0ac-df54-40ea-bb96-92628af6fbc3,2025-03-14,1900-01-01 09:56:00,NO,RS,,,"SR, TN",,M,,,,,M,,,"TN, ST",,RS,,,,,M,,,"ST, SR",,,596,596.0
58361727-bc67-450e-9e1b-02255720d6a4,2025-03-14,1900-01-01 09:58:00,NO,RS,,,NY,,RS,,,ST,,PL,TK,,TN,TK grabbing SR,PL,SR,,TN,Tugging SR,RS,,,"SR, ST",,,598,598.0
3f2413d1-6ccf-4445-9645-46eb684420fc,2025-03-14,1900-01-01 10:00:00,NO,RS,,"TN, TK",,,RS,,,,,RS,,,,Arm slapping/grabbing,PL,TN,ST,,,PL,SR,ST,,,,600,600.0
1558914b-679a-4994-8591-47ec11545bbb,2025-03-14,1900-01-01 10:02:00,NO,RS,,"TK, TN",,,RS,,,,,M,,,,,PL,TN,ST,,Grabbing TN,PL,TK,ST,,Grabbing TK,,602,602.0
44ce43a8-fc0e-4e7c-b2bd-36ff5ee554c8,2025-03-14,1900-01-01 10:04:00,NO,RS,,,,,RS,,,,,M,,,,,RS,,,,,RS,,,,,,604,604.0
c98294c3-5a9e-4329-be14-3a0ebb3b47ff,2025-03-14,1900-01-01 10:06:00,NO,RS,TK,,,,RS,,,,,DS,,,,Pant hoot by himself to no one,RS,ST,,,,RS,,,,,,606,606.0
6637ff12-ff95-4616-ab18-61af38c79b16,2025-03-14,1900-01-01 10:08:00,NO,RS,,,TN,,RS,,,,,RS,,,TK,,M,,,"SR, TN",,E,,,"ST, TK",,,608,608.0
d5d4e59d-a6a7-49d1-9608-cd83f2aaf17c,2025-03-14,1900-01-01 10:10:00,NO,RS,,,"SR, TK, NY",,RS,,,"ST, TK, SR, TN",,RS,,,"TN, NY, ST, TK",,RS,,,"ST, NY, SR",,RS,,,"SR, NY",,,610,610.0
8aa9fa0c-a078-4d3f-b6f8-df8b80fb6621,2025-03-14,1900-01-01 10:12:00,NO,RS,,NY,,,RS,,ST,,,RS,,,"TN, TK",,RS,,,SR,,RS,,,SR,,,612,612.0
6c95e98d-4edd-42a9-8204-46c5c5e7b2c2,2025-03-14,1900-01-01 10:14:00,NO,SD,,NY,,,RS,,ST,,,RS,,,"TN, TK",,RS,,,SR,,E,,,SR,,,614,614.0
0ac4aa00-7ee2-4c32-9ead-15f2a0f7d7a9,2025-03-14,1900-01-01 10:16:00,NO,RS,,,NY,,RS,,,ST,,RS,,,"TN, TK",,RS,,,SR,,RS,,,SR,,,616,616.0
aa0399b5-2bb7-4274-ae80-ce58c9a8982d,2025-03-14,1900-01-01 10:18:00,NO,M,,,,,M,,,SR,,M,,,NY,,RS,,,,,M,,,,,,618,618.0
928060f4-f8d8-4b2a-8322-da501545c599,2025-03-14,1900-01-01 10:20:00,NO,M,,,,,RS,,,SR,,RS,,,NY,,RS,,,,,E,,,,,,620,620.0
a5fe4062-5f89-44e9-b99c-8366c76e6202,2025-03-14,1900-01-01 10:22:00,NO,RS,,,,,RS,,,,,RS,,,,,RS,,,,,RS,,,,,red,622,622.0
0abd71a9-d0e5-4d1c-b6a6-3773874b9540,2025-03-14,1900-01-01 10:24:00,Yes,RS,,,,,RS,,,,,RS,,,,,RS,,,,,RS,,,,,green,624,624.0
7a1ecefc-e294-44d2-bf56-3d23bff371a6,2025-03-14,1900-01-01 10:26:00,NO,E,,,TN,,RS,,,SR,,RS,,,NY,,RS,,,,,RS,,,ST,,red,626,626.0
b31eb160-dcf0-4d3c-bef0-177c7cf61c4d,2025-03-14,1900-01-01 10:28:00,Yes,E,,,TN,,RS,,,SR,,RS,,,NY,,RS,,,,,RS,,,ST,,green,628,628.0
be93d708-97cb-4990-a931-c659c8aed506,2025-03-14,1900-01-01 10:30:00,Yes,E,,,TN,,RS,,,SR,,RS,,,NY,,RS,,,,,RS,,,ST,,green,630,630.0
fd52ff6b-7a51-4911-a919-eb816fb5b41f,2025-03-14,1900-01-01 10:46:00,NO,RS,,,,,RS,,,,,RS,,,"TN, TK",,RS,,,"TN, SR",,RS,,,"SR, TK",,,646,645.0
d782fe2c-7055-46b6-82e9-352eed2b1b0f,2025-03-14,1900-01-01 10:48:00,NO,RS,,NY,,,RS,,ST,,,RS,,TN,,,RS,,,,,RS,,SR,,,,648,647.0
1de4908c-4908-4f6f-8d6c-f6fea6703a1e,2025-03-14,1900-01-01 10:50:00,NO,RS,,,,,RS,,,,,RS,,TN,,,RS,,,,,RS,,SR,,,,650,649.0
a040875d-23a2-435f-9831-5aa21b0da979,2025-03-14,1900-01-01 10:52:00,NO,RS,,,,,RS,,,TK,,RS,,TN,,,RS,,,NY,,RS,,SR,,,red,652,651.0
fc26ab95-e89f-494c-a407-9296702c8ccc,2025-03-14,1900-01-01 10:54:00,Yes,RS,,,,,RS,,,TK,,RS,,TN,,,RS,,,NY,,RS,,SR,,,green,654,653.0
7ae64dd9-e573-4c1d-b543-ceab61224d68,2025-03-14,1900-01-01 10:56:00,NO,RS,,,,,RS,,,,,RS,,"TN, TK",,,RS,,"TN, SR",,,RS,,"SR, TK",,,red,656,655.0
98481693-27f4-454f-8c8e-c4333911a183,2025-03-14,1900-01-01 10:58:00,Yes,RS,,,,,RS,,,,,RS,,"TN, TK",,,RS,,"TN, SR",,,RS,,"SR, TK",,,green,658,657.0
27bf9b55-1b7d-4743-88b2-ba172b857cc4,2025-03-14,1900-01-01 11:00:00,Yes,RS,,,,,RS,,,,,RS,,"TN, TK",,,RS,,"TN, SR",,,RS,,"SR, TK",,,green,660,659.0
e9296d6d-a090-42b2-8722-d5e83b82905b,2025-03-14,1900-01-01 11:02:00,NO,RS,,,,,RS,,,,,RS,,"TK, TN",,,RS,,"TN, SR",,,RL,,"TK, SR",,,red,662,661.0
d33a6efe-2073-4091-adf1-8e2d29abd8d3,2025-03-14,1900-01-01 11:04:00,Yes,RS,,,,,RS,,,,,RS,,"TK, TN",,,RS,,"TN, SR",,,RL,,"TK, SR",,,green,664,663.0
1a23a382-bd49-45c1-9adb-e5293ae76d40,2025-03-14,1900-01-01 11:06:00,Yes,RS,,,,,RS,,,,,RS,,"TK, TN",,,RS,,"TN, SR",,,RL,,"TK, SR",,,green,666,665.0
1555b00c-74df-4ffd-a350-2e41deb7ef2a,2025-03-14,1900-01-01 11:08:00,Yes,RS,,,,,RS,,,,,RS,,"TK, TN",,,RS,,"TN, SR",,,RL,,"TK, SR",,,green,668,667.0
e61fcf92-74dc-4d6f-b13f-2209e9047fa1,2025-03-14,1900-01-01 11:10:00,Yes,RS,,,,,RS,,,,,RS,,"TK, TN",,,RS,,"TN, SR",,,RL,,"TK, SR",,,green,670,669.0
ddd4ea5b-1878-4074-bc45-5ebb79f69acd,2025-03-14,1900-01-01 11:12:00,Yes,RS,,,,,RS,,,,,RS,,"TK, TN",,,RS,,"TN, SR",,,RL,,"TK, SR",,,green,672,671.0
41d53f15-caa0-4049-b90c-6b0ddeaeba71,2025-03-14,1900-01-01 11:14:00,Yes,RS,,,,,RS,,,,,RS,,"TK, TN",,,RS,,"TN, SR",,,RL,,"TK, SR",,,green,674,673.0
1ade8301-bab0-4207-a8ad-26a63076f078,2025-03-14,1900-01-01 11:16:00,Yes,RS,,,,,RS,,,,,RS,,"TK, TN",,,RS,,"TN, SR",,,RL,,"TK, SR",,,green,676,675.0
b37a8c63-3c8d-46bb-b7dc-e44f74fdfca1,2025-03-14,1900-01-01 11:18:00,Yes,RS,,,,,RS,,,,,RS,,"TK, TN",,,RS,,"TN, SR",,,RL,,"TK, SR",,,green,678,677.0
4f939a5f-de5e-4029-a3f4-93fb0297934e,2025-03-14,1900-01-01 11:20:00,NO,RS,,,,,RS,,,,,RS,,"TK, TN",,,RS,,"TN, SR",,,RS,,"TK, SR",,,,680,679.0
dfc8a042-7aa4-445a-a1a0-b6c2ad91d679,2025-03-14,1900-01-01 11:22:00,NO,RS,,,,,RS,,,,,RS,,TN,TK,,RS,,"TN, SR",,,RS,,SR,TK,,red,682,681.0
ce56c7ab-67f1-4397-8548-286ec6c4ada9,2025-03-14,1900-01-01 11:24:00,Yes,RS,,,,,RS,,,,,RS,,TN,TK,,RS,,"TN, SR",,,RS,,SR,TK,,green,684,683.0
d0333846-3c1c-43eb-b3d6-958bb50c0151,2025-03-14,1900-01-01 11:26:00,Yes,RS,,,,,RS,,,,,RS,,TN,TK,,RS,,"TN, SR",,,RS,,SR,TK,,green,686,685.0
ebca6b06-c681-481f-b151-d38fae450aa6,2025-03-14,1900-01-01 11:28:00,Yes,RS,,,,,RS,,,,,RS,,TN,TK,,RS,,"TN, SR",,,RS,,SR,TK,,green,688,687.0
3c8b6694-82b6-43e2-8a8b-16603b0d5f4b,2025-03-14,1900-01-01 11:30:00,Yes,RS,,,,,RS,,,,,RS,,TN,TK,,RS,,"TN, SR",,,RS,,SR,TK,,green,690,689.0
0506dc4c-680e-4780-a53c-3e9cf9998bb2,2025-03-14,1900-01-01 11:32:00,Yes,RS,,,,,RS,,,,,RS,,TN,TK,,RS,,"TN, SR",,,RS,,SR,TK,,green,692,691.0
f125e26e-0168-482a-82a1-fa0a3e8d5ead,2025-03-14,1900-01-01 11:34:00,Yes,RS,,,,,RS,,,,,RS,,TN,TK,,RS,,"TN, SR",,,RS,,SR,TK,,green,694,693.0
0c657885-5723-43be-8626-266a5c0e6e86,2025-03-14,1900-01-01 11:36:00,Yes,RS,,,,,RS,,,,,RS,,TN,TK,,RS,,"TN, SR",,,RS,,SR,TK,,green,696,695.0
76c22c60-6d3a-4cc3-89d9-e4abf1bea499,2025-03-14,1900-01-01 11:38:00,NO,RS,,TN,,,RS,,,,,RS,,,TK,,RS,,,SR,,RS,,ST,,,red,698,697.0
b5468649-db6f-474b-be50-3f839d0e5097,2025-03-14,1900-01-01 11:40:00,Yes,RS,,TN,,,RS,,,,,RS,,,TK,,RS,,,SR,,RS,,ST,,,green,700,699.0
26ce4bb5-03ef-4001-83bf-56c87b0618d9,2025-03-14,1900-01-01 11:42:00,Yes,RS,,TN,,,RS,,,,,RS,,,TK,,RS,,,SR,,RS,,ST,,,green,702,701.0
be58f7dd-2e15-4e3c-9318-c294cde465d1,2025-03-14,1900-01-01 11:44:00,Yes,RS,,TN,,,RS,,,,,RS,,,TK,,RS,,,SR,,RS,,ST,,,green,704,703.0
b97cd5d0-c223-46c0-9256-605c8f0ad645,2025-03-14,1900-01-01 11:46:00,Yes,RS,,TN,,,RS,,,,,RS,,,TK,,RS,,,SR,,RS,,ST,,,green,706,705.0
55b4a9b2-29da-4018-b19e-4c6932f492af,2025-03-14,1900-01-01 13:20:00,NO,E,,,,,E,,,,,E,,,,,E,,,,,E,,,,,,800,799.0
93a4d7e5-f5f8-4135-b8b4-7b81c1f6d6cf,2025-03-14,1900-01-01 13:21:00,NO,E,,,TK,,E,,,,,E,,,,,E,,,ST,,E,,,,,,801,801.0
f37384ea-41a6-4296-ba18-2afb28163258,2025-03-14,1900-01-01 13:23:00,NO,E,,,TK,,E,,,,,E,,,,,E,,,"TN, ST",,E,,,TK,,red,803,803.0
3646a275-4726-46a4-b2d8-91133ba5cc17,2025-03-14,1900-01-01 13:25:00,Yes,E,,,TK,,E,,,,,E,,,,,E,,,"TN, ST",,E,,,TK,,green,805,805.0
8b12ac55-a6b6-4872-bb19-c5fed8ed8e95,2025-03-14,1900-01-01 13:27:00,NO,E,,,"TK, TN",,E,,,,,RS,,,,,E,,,"ST, TN",,E,,,"TK, ST",,,807,807.0
1b32deee-4a13-4834-ba23-e1382f584bf0,2025-03-14,1900-01-01 13:29:00,NO,E,,TN,,,E,,,,,RS,,,,,E,,,"TN, ST",,E,,ST,TK,,red,809,809.0
d8bda446-1479-4322-a9a0-2d7c40116e71,2025-03-14,1900-01-01 13:31:00,Yes,E,,TN,,,E,,,,,RS,,,,,E,,,"TN, ST",,E,,ST,TK,,green,811,811.0
9bf23619-d36e-4e43-81e0-34fd57d5e2b1,2025-03-14,1900-01-01 13:33:00,NO,E,,TN,"NY, TK",,E,,,"ST, TN",,RS,,,,,E,,,"TN, ST",,E,,ST,"TK, NY",,,813,813.0
b37c55bf-023f-4098-ba87-d45e957ede64,2025-03-14,1900-01-01 13:35:00,NO,E,,,,,GG,,,TN,,RS,,,,,RS,,,,,E,,,NY,,,815,815.0
757c20c1-7c92-4cf7-9da0-e438c29f9166,2025-03-14,1900-01-01 13:37:00,NO,E,,,,,RS,,,TK,,RS,,,,,RS,,,NY,,E,,,,,,817,817.0
0e88f6c9-8a5e-43ab-883c-c07d5f12ea7c,2025-03-14,1900-01-01 13:39:00,NO,M,,,TN,,RS,,,TK,,RS,,,,,RS,,,NY,,E,,,ST,,,819,819.0
4af9a70f-818e-4d69-9961-f0545d530751,2025-03-14,1900-01-01 13:41:00,NO,E,,,TN,,RS,,,TK,,RS,,,,,RS,,,NY,,E,,,ST,,,821,821.0
904b1113-bb18-486e-bbdc-93666cf6b36d,2025-03-14,1900-01-01 13:43:00,NO,E,,,TN,,RS,,,,,RS,,,,,RS,,,,,E,,,ST,,red,823,823.0
48ca3e4e-f42e-4c8c-af50-5ca02db09cc8,2025-03-14,1900-01-01 13:45:00,Yes,E,,,TN,,RS,,,,,RS,,,,,RS,,,,,E,,,ST,,green,825,825.0
19692c1e-ccd6-433a-ad39-4a490c4063dc,2025-03-14,1900-01-01 13:47:00,Yes,E,,,TN,,RS,,,,,RS,,,,,RS,,,,,E,,,ST,,green,827,827.0
f098b815-7d80-4638-af79-0441164a4031,2025-03-14,1900-01-01 13:49:00,NO,RS,,NY,,,M,,ST,,,RS,,,,,RS,,,,,M,,,,,,829,829.0
feae4e17-c5c2-4a64-99ce-346b775fc95b,2025-03-14,1900-01-01 13:51:00,NO,M,,,NY,,RS,,,ST,,RS,,,,,RS,,,,,M,,,,,,831,831.0
5561db4c-90a5-4e0c-8fcc-3eab425e785d,2025-03-14,1900-01-01 13:53:00,NO,RS,,,TN,,M,,,,,RS,,,,,RS,,,,,E,,,ST,,red,833,833.0
2e187996-11a2-45cc-914d-042747c1727e,2025-03-14,1900-01-01 13:56:00,Yes,RS,,,TN,,M,,,,,RS,,,,,RS,,,,,E,,,ST,,green,836,835.0
627d918d-df0e-4bbe-b106-751a30898e96,2025-03-14,1900-01-01 13:57:00,NO,E,,,,,RS,,TK,,,RS,,,,,RS,,NY,,,M,,,,,,837,837.0
73e64adf-16f2-4dd0-9939-5a89703c1735,2025-03-14,1900-01-01 13:59:00,NO,E,,,,,M,,TN,,,M,,,,,RS,,,,,M,,NY,,,,839,839.0
8a416e7d-47ff-4519-b5c3-32c5d8c224af,2025-03-14,1900-01-01 14:01:00,NO,RS,,,,,RS,,,,,RS,,,,,RS,,TN,,,M,,TK,,,,841,841.0
9c0b9f7b-1076-4fdf-af02-0f20a6111540,2025-03-14,1900-01-01 14:03:00,NO,RS,,TN,TK,,RS,,,,,RS,,,,,RS,,,"TN, ST",,RS,,,"TK, ST",,,843,843.0
944ede61-b8f8-4389-ac9b-ff24abf3491b,2025-03-14,1900-01-01 14:05:00,NO,RS,,TN,TK,,RS,,,,,DS,,,,,RS,,TN,ST,,RS,,"TK, ST",,,,845,845.0
959cfe03-457c-45de-a15b-1d994ca5b053,2025-03-14,1900-01-01 14:07:00,NO,RS,,TN,TK,,RS,,,SR,,DS,,,NY,Panthoot and swinging body,RS,,TN,ST,,RS,,"TK, ST",,,,847,847.0
4537f4bd-0063-4f40-a914-c1bcccd94ce0,2025-03-14,1900-01-01 14:10:00,NO,RS,,TN,TK,,RS,,,SR,,M,,,NY,,RS,,TN,ST,,RS,,"TK, ST",,,,850,849.0
d0565ba6-88db-4398-a3b0-d93ec4354c8c,2025-03-14,1900-01-01 14:11:00,NO,GR,TK,TN,SR,,RS,,,,,RS,,"TK, TN",ST,,GG,"ST, TN",SR,,,GG,TK,"ST, SR",,,,851,851.0
0ba91f90-94d7-4a80-a656-957ba93c4b27,2025-03-14,1900-01-01 14:13:00,NO,GR,TK,TN,"SR, NY",,M,,,"SR, TK, TN, ST",,RS,,"TK, TN","NY, ST",,GG,ST,"TN, SR",,,RS,,"TK, SR","NY, ST",,,853,853.0
2ff9f32a-149d-4426-8d83-824789a0bc8d,2025-03-14,1900-01-01 14:15:00,NO,GR,TK,TN,SR,,RS,,,,,RS,,"TN, TK",ST,,GG,ST,"TN, SR",,,RS,,"ST, SR",TK,,,855,855.0
a9ba0729-50a4-48d3-b594-1af66521aa85,2025-03-14,1900-01-01 14:17:00,NO,GR,TK,TN,"NY, SR",,RS,,,"TN, ST, TK, SR",,RS,,"TN, TK","NY, ST",,GG,ST,"SR, TN",NY,,RS,,"SR, ST","TK, NY",,red,857,857.0
d95bbe78-4b52-47e9-becc-03487b5e3f9c,2025-03-14,1900-01-01 14:19:00,Yes,GR,TK,TN,"NY, SR",,RS,,,"TN, ST, TK, SR",,RS,,"TN, TK","NY, ST",,GG,ST,"SR, TN",NY,,RS,,"SR, ST","TK, NY",,green,859,859.0
fa5d35fb-37c2-4d15-bd50-847f07efa4b8,2025-03-14,1900-01-01 14:21:00,Yes,GR,TK,TN,"NY, SR",,RS,,,"TN, ST, TK, SR",,RS,,"TN, TK","NY, ST",,GG,ST,"SR, TN",NY,,RS,,"SR, ST","TK, NY",,green,861,861.0
cafd4e83-7103-43ab-addb-d1b708b268d7,2025-03-14,1900-01-01 14:23:00,NO,GR,TK,"SR, TN",NY,,RS,,,"TN, ST, TK, SR",,RS,,"TK, TN, ST",,,GG,ST,"ST, TN, SR",NY,,RS,,"SR, ST, TK",NY,,,863,863.0
000d5dd3-dc1e-4f11-b8dd-840bd1d1a878,2025-03-14,1900-01-01 14:25:00,NO,PL,TK,"TN, SR",NY,Pulling arms,M,,,"ST, TK, SR, TN",,RS,,"TN, TK","ST, NY",,PL,ST,"SR, TN",NY,,RS,,"TK, SR, ST",NY,,,865,865.0
403cd246-be70-4ba8-bd62-789b6a24f85b,2025-03-14,1900-01-01 14:27:00,NO,GR,TK,NY,"SR, TN",,RS,,ST,"TK, TN, SR",,RS,,TN,"TK, ST, NY",,GG,ST,,"NY, TN, SR",,RS,,SR,"NY, TK, ST",,red,867,867.0
6b2a161a-ba88-4fd8-939c-d12fe31affec,2025-03-14,1900-01-01 14:29:00,Yes,GR,TK,NY,"SR, TN",,RS,,ST,"TK, TN, SR",,RS,,TN,"TK, ST, NY",,GG,ST,,"NY, TN, SR",,RS,,SR,"NY, TK, ST",,green,869,869.0
9e487cb8-e8ad-4cf1-91ab-ca6f8595890e,2025-03-14,1900-01-01 14:31:00,NO,GR,TK,SR,,,PL,,TN,,Chasing TN,RS,,"ST, TK",,,GG,ST,SR,,,PL,,NY,,,red,871,871.0
d261cd4b-fe25-4d2e-acb8-cae9b130edd4,2025-03-14,1900-01-01 14:33:00,Yes,GR,TK,SR,,,PL,,TN,,Chasing TN,RS,,"ST, TK",,,GG,ST,SR,,,PL,,NY,,,green,873,873.0
72ed8a4d-539c-4918-b335-58239d162d43,2025-03-14,1900-01-01 14:35:00,NO,PL,TK,SR,,,RS,,TN,,,RS,,"TK, ST",,,PL,ST,,,Grabbing,RS,,NY,,,,875,875.0
3909e663-272d-45a2-b6f2-4482e4865914,2025-03-14,1900-01-01 14:37:00,NO,RS,,SR,TK,,PL,,TN,,,RL,,"TK, ST",,,RS,,SR,ST,,PL,,NY,,Chasing NY,,877,877.0
2289b276-e0b0-41d6-8f9e-f9b4462aedeb,2025-03-14,1900-01-01 14:39:00,NO,RS,,SR,TK,,PL,TN,,,,RL,,"TK, ST",,,RS,,SR,ST,,PL,NY,,,Arm grabbing,,879,879.0
25eda141-be41-4286-8ee8-b3724f510e74,2025-03-14,1900-01-01 14:41:00,NO,RS,,SR,TK,,RS,,,,,RL,,"TK, ST",,,RS,,SR,ST,,RS,,,,,red,881,881.0
dc80c727-d9d9-4b21-be68-c8234db0bc7f,2025-03-14,1900-01-01 14:43:00,Yes,RS,,SR,TK,,RS,,,,,RL,,"TK, ST",,,RS,,SR,ST,,RS,,,,,green,883,883.0
d5efcbc3-15a8-401c-9f53-b98f41afc5d4,2025-03-23,1900-01-01 09:37:00,NO,E,,,,,E,,,,,RS,,,TN,,RS,,,,,E,,,SR,,,577,576.0
6700040a-ad32-4105-b296-8131f767c284,2025-03-23,1900-01-01 09:39:00,NO,E,,,,,E,,,TK,,RS,,,TN,,RS,,,NY,,E,,,SR,,,579,578.0
c0ef7ad9-6319-422b-a678-20e84e9ccf5a,2025-03-23,1900-01-01 09:41:00,NO,E,,,,,M,,,SR,,RS,,,"TN, NY",,RS,,,,,E,,,SR,,,581,580.0
5379569c-191e-4b46-9006-51ec4d6bd823,2025-03-23,1900-01-01 09:43:00,NO,E,,,,,E,,,SR,,RS,,,"TK, TN, NY",,RS,,TN,SR,,E,,TK,SR,,,583,582.0
aa4b78c9-7474-4151-9b3e-a257e23b6376,2025-03-23,1900-01-01 09:45:00,NO,E,,,,,E,,,"SR, TK, TN",,RS,,,"TN, NY, TK",,RS,,,"NY, TN, SR",,E,,,"NY, TK, SR",,,585,584.0
76c529d3-58fa-483f-8b9c-48faf14da9ed,2025-03-23,1900-01-01 09:47:00,NO,M,,,,,E,,,"SR, TK, TN",,RS,,TK,"TN, NY",,RS,,TN,"NY, SR",,E,,TK,"NY, SR",,,587,586.0
2b16ec72-5bc3-419c-8981-3800c98e7bd3,2025-03-23,1900-01-01 09:49:00,NO,E,,,"SR, TK, NY",,M,,,"SR, TK, ST",,RS,,TK,"ST, NY",,RS,,SR,"NY, ST",,M,,,,,,589,588.0
6b4a7202-0301-4908-a8f5-f11777da4f0e,2025-03-23,1900-01-01 09:51:00,NO,E,,,TN,,E,,,,,RS,,,TN,,RS,,,,,M,,,"SR, ST",,,591,590.0
98f39738-588b-42eb-90cc-a898fecbc620,2025-03-23,1900-01-01 09:53:00,NO,M,,,"TK, SR, TN",,RS,,,,,RS,,,"TK, TN, ST",,M,,,"TN, ST, SR",,RS,,,"TK, ST, SR",,,593,592.0
ef8ffdc1-568c-4235-85f1-43d3738d7a85,2025-03-23,1900-01-01 09:55:00,NO,E,,,"TK, SR, TN",,M,,,,,RS,,,"TK, TN, ST",,GM,TN,,"ST, SR",,GM,TK,,"ST, SR",,,595,594.0
8ea1849b-4ca0-401d-a667-132ba459c867,2025-03-23,1900-01-01 09:57:00,NO,RS,,,SR,,M,,,,,RS,,,ST,,PL,,TN,,Chasing TN,PL,,TK,,,,597,596.0
cb000499-8602-4f1d-9806-8c7a18afab0e,2025-03-23,1900-01-01 09:59:00,NO,GR,SR,,"TK, NY, TN",,M,,,"TN, ST, TK, SR",,GG,ST,,"TK, NY, TN",,GM,TN,,"NY, ST, SR",,GM,TK,,"NY, ST, SR",,,599,598.0
587a9f27-7310-45ad-95b7-0bd65e52b7f2,2025-03-23,1900-01-01 10:01:00,NO,GR,SR,,"NY, TK, TN",,RS,,,"SR, TK, TN, ST",,GG,ST,,"TN, TK, NY",,PL,TN,,"SR, ST, NY",,PL,TK,,"SR, ST, NY",Pulling arms,,601,600.0
2fadc64c-8267-4a7f-9036-6afe56c409a4,2025-03-23,1900-01-01 10:03:00,NO,RS,,SR,"TK, TN",,RS,,,,,RS,,ST,"TN, TK",,PL,,TN,"ST, SR",Putting butt in TNs face,PL,,TK,"ST, SR",,,603,602.0
76aff753-f1c4-4ec7-866c-8640128582da,2025-03-23,1900-01-01 10:05:00,NO,RS,,SR,TN,,RS,,TK,,,RS,,ST,TN,,M,,NY,,,RS,,,"ST, SR",,,605,604.0
a3c6ea01-7401-48b0-a293-d186ec5b08e4,2025-03-23,1900-01-01 10:07:00,NO,RS,,,NY,,RS,,,"ST, TK",,RS,,,TN,,RS,,,NY,,RS,,,SR,,,607,606.0
cde7da07-aeed-493c-bba2-2431987595df,2025-03-23,1900-01-01 10:09:00,NO,RL,,,"TK, NY",,RS,,,"TK, ST",,RS,,,TN,,RL,,,"NY, ST",,RS,,,SR,,red,609,608.0
99088bb8-e070-4b8d-8f31-21b1cadf25b7,2025-03-23,1900-01-01 10:11:00,Yes,RL,,,"TK, NY",,RS,,,"TK, ST",,RS,,,TN,,RL,,,"NY, ST",,RS,,,SR,,green,611,610.0
9604ff61-047b-4f7d-9d45-cf282dd1e921,2025-03-23,1900-01-01 10:13:00,Yes,RL,,,"TK, NY",,RS,,,"TK, ST",,RS,,,TN,,RL,,,"NY, ST",,RS,,,SR,,green,613,612.0
c396b425-bf01-42ce-a694-acf7601d4ddd,2025-03-23,1900-01-01 10:15:00,Yes,RL,,,"TK, NY",,RS,,,"TK, ST",,RS,,,TN,,RL,,,"NY, ST",,RS,,,SR,,green,615,614.0
c6d3e411-011f-4adb-ab88-8c7c3ecc7849,2025-03-23,1900-01-01 10:17:00,Yes,RL,,,"TK, NY",,RS,,,"TK, ST",,RS,,,TN,,RL,,,"NY, ST",,RS,,,SR,,green,617,616.0
745e3c24-76b8-4a26-8556-e61a3eadbc9b,2025-03-23,1900-01-01 10:19:00,Yes,RL,,,"TK, NY",,RS,,,"TK, ST",,RS,,,TN,,RL,,,"NY, ST",,RS,,,SR,,green,619,618.0
9668e8b1-8803-4f4e-b66a-94ee2f95aa54,2025-03-23,1900-01-01 10:21:00,Yes,RL,,,"TK, NY",,RS,,,"TK, ST",,RS,,,TN,,RL,,,"NY, ST",,RS,,,SR,,green,621,620.0
7f99071b-14ef-449c-b109-b294c6699b8b,2025-03-23,1900-01-01 10:23:00,Yes,RL,,,"TK, NY",,RS,,,"TK, ST",,RS,,,TN,,RL,,,"NY, ST",,RS,,,SR,,green,623,622.0
4bdd0ddb-6032-4320-9e88-99f0470172fd,2025-03-23,1900-01-01 10:25:00,Yes,RL,,,"TK, NY",,RS,,,"TK, ST",,RS,,,TN,,RL,,,"NY, ST",,RS,,,SR,,green,625,624.0
85f113e2-8243-40e8-9033-591e8b5aae91,2025-03-23,1900-01-01 10:27:00,Yes,RL,,,"TK, NY",,RS,,,"TK, ST",,RS,,,TN,,RL,,,"NY, ST",,RS,,,SR,,green,627,626.0
8a5b5117-effb-4ee1-83ef-744b62914260,2025-03-23,1900-01-01 10:29:00,Yes,RL,,,"TK, NY",,RS,,,"TK, ST",,RS,,,TN,,RL,,,"NY, ST",,RS,,,SR,,green,629,628.0
64924d9c-df63-4427-8f0f-908575217f15,2025-03-23,1900-01-01 10:47:00,NO,RS,,,"TK, SR, TN",,RS,,,,,DS,,,"TK, ST, TN",,RS,,,"ST, SR",,RS,,,"ST, SR",,,647,647.0
5bcf609e-007f-45e5-bd0f-3d22e9540f18,2025-03-23,1900-01-01 10:49:00,NO,RS,,,"TK, TN, SR",,RS,,,,,RS,,,"TK, TN, ST",,RS,,,"ST, TN, SR",,M,,,"TK, ST, SR",,,649,649.0
d7b3239a-6cdd-4dec-961d-8ad1e57aeb50,2025-03-23,1900-01-01 10:51:00,NO,RL,,,"TK, SR, TN",,M,,,,,RS,,,"TK, ST, TN",,RS,,TN,"ST, SR",,RS,,TK,"SR, ST",,,651,651.0
476712f2-913a-4a24-b95a-a5be4cc0a137,2025-03-23,1900-01-01 10:53:00,NO,RS,,,"NY, TK, SR, TN",,RS,,SR,"TK, TN, ST",,RS,,NY,"TK, TN, ST",,RS,,TN,"NY, SR, ST",,RS,,TK,"ST, SR, NY",,,653,653.0
a974e4a2-bc09-4f3c-8c98-234e94fa52d0,2025-03-23,1900-01-01 10:55:00,NO,E,,,"TK, SR, TN",,RS,,,,,RS,,,"ST, TN, TK",,RS,,TN,"ST, SR",,RS,,TK,"ST, SR",,red,655,655.0
eb3cb644-cfce-452b-aaae-eefb4d58bc20,2025-03-23,1900-01-01 10:57:00,Yes,E,,,"TK, SR, TN",,RS,,,,,RS,,,"ST, TN, TK",,RS,,TN,"ST, SR",,RS,,TK,"ST, SR",,green,657,657.0
47e8be13-54b4-4fff-add4-354914d9084a,2025-03-23,1900-01-01 10:59:00,NO,RL,,,"TK, SR, TN",,RS,,,,,RS,,TK,"TN, ST",,RL,,"TN, SR",ST,,RL,,TK,"ST, SR",,red,659,659.0
703d433f-0b5a-4859-a4b4-3d025441b1ea,2025-03-23,1900-01-01 11:01:00,Yes,RL,,,"TK, SR, TN",,RS,,,,,RS,,TK,"TN, ST",,RL,,"TN, SR",ST,,RL,,TK,"ST, SR",,green,661,661.0
dabfe014-7848-490d-885d-e2d9624fc4b4,2025-03-23,1900-01-01 11:03:00,Yes,RL,,,"TK, SR, TN",,RS,,,,,RS,,TK,"TN, ST",,RL,,"TN, SR",ST,,RL,,TK,"ST, SR",,green,663,663.0
9dcefc80-644b-48c4-a6d2-8149ae4a24a1,2025-03-23,1900-01-01 11:05:00,Yes,RL,,,"TK, SR, TN",,RS,,,,,RS,,TK,"TN, ST",,RL,,"TN, SR",ST,,RL,,TK,"ST, SR",,green,665,665.0
fffa1afa-27f3-4ed6-aa4a-060ec2f87517,2025-03-23,1900-01-01 11:07:00,NO,RL,,,"SR, TK, TN",,RS,,,,,RL,,,"TK, TN, ST",,RL,,TN,"ST, SR",,RS,,TK,"SR, ST",,,667,667.0
6444ab48-092b-46d3-b8ba-ae0f21204c45,2025-03-23,1900-01-01 11:09:00,NO,RL,,,"SR, TK, TN, NY",,M,,"SR, TK","TN, ST",,RL,,NY,"TK, TN, ST",,RS,,"TN, NY","SR, ST",,RS,,TK,"SR, ST, NY",,,669,669.0
c08a8011-2a05-442e-931b-abff40961ed0,2025-03-23,1900-01-01 11:11:00,NO,RL,,,"NY, TK, SR, TN",,RS,,,"TN, ST, TK, SR",,RL,,,"TK, TN, ST, NY",,RS,,TN,"NY, ST, SR",,RS,,TK,"NY, ST, SR",,red,671,671.0
55356056-e826-4d23-89a2-78956a74a637,2025-03-23,1900-01-01 11:13:00,Yes,RL,,,"NY, TK, SR, TN",,RS,,,"TN, ST, TK, SR",,RL,,,"TK, TN, ST, NY",,RS,,TN,"NY, ST, SR",,RS,,TK,"NY, ST, SR",,green,673,673.0
fc6c581e-f4c0-49a3-ba6f-c3d608df7532,2025-03-23,1900-01-01 11:15:00,Yes,RL,,,"NY, TK, SR, TN",,RS,,,"TN, ST, TK, SR",,RL,,,"TK, TN, ST, NY",,RS,,TN,"NY, ST, SR",,RS,,TK,"NY, ST, SR",,green,675,675.0
9bb889b7-2405-48d7-a715-02ceee95c219,2025-03-23,1900-01-01 11:17:00,Yes,RL,,,"NY, TK, SR, TN",,RS,,,"TN, ST, TK, SR",,RL,,,"TK, TN, ST, NY",,RS,,TN,"NY, ST, SR",,RS,,TK,"NY, ST, SR",,green,677,677.0
05d4236f-952d-48f9-9e80-a138bd70926e,2025-03-23,1900-01-01 11:19:00,Yes,RL,,,"NY, TK, SR, TN",,RS,,,"TN, ST, TK, SR",,RL,,,"TK, TN, ST, NY",,RS,,TN,"NY, ST, SR",,RS,,TK,"NY, ST, SR",,green,679,679.0
d9449d3c-ab72-47ff-b791-affdafd4659c,2025-03-23,1900-01-01 11:21:00,Yes,RL,,,"NY, TK, SR, TN",,RS,,,"TN, ST, TK, SR",,RL,,,"TK, TN, ST, NY",,RS,,TN,"NY, ST, SR",,RS,,TK,"NY, ST, SR",,green,681,681.0
9d73ba85-5d98-44f9-90c5-6ef1499c6a3d,2025-03-23,1900-01-01 11:23:00,NO,RL,,,"TN, SR, TK, NY",,RS,,,"TN, ST, SR, TK",,RL,,,"TK, TN, ST, NY",,RS,,,"NY, SR, TN, ST",,RS,,,"NY, TK, ST, SR",,red,683,683.0
d16da965-7b4b-4679-b6d3-8536beb374bf,2025-03-23,1900-01-01 11:25:00,Yes,RL,,,"TN, SR, TK, NY",,RS,,,"TN, ST, SR, TK",,RL,,,"TK, TN, ST, NY",,RS,,,"NY, SR, TN, ST",,RS,,,"NY, TK, ST, SR",,green,685,685.0
9fe8a01f-7e5d-4e89-ac90-f6731d8d8965,2025-03-23,1900-01-01 11:27:00,NO,RL,,,"NY, TK, SR",,RS,,,"SR, TK, ST",,RL,,,"TK, NY, ST",,RL,,,"NY, ST, SR",,RS,,,,,red,687,687.0
3ba0fd4d-bc52-4f4e-b553-235832be4a27,2025-03-23,1900-01-01 11:29:00,Yes,RL,,,"NY, TK, SR",,RS,,,"SR, TK, ST",,RL,,,"TK, NY, ST",,RL,,,"NY, ST, SR",,RS,,,,,green,689,689.0
deb9de47-1cf6-440f-aef3-dfc71edad982,2025-03-23,1900-01-01 11:31:00,Yes,RL,,,"NY, TK, SR",,RS,,,"SR, TK, ST",,RL,,,"TK, NY, ST",,RL,,,"NY, ST, SR",,RS,,,,,green,691,691.0
3668f087-d56e-428b-82ca-ff6f4be0321b,2025-03-23,1900-01-01 11:33:00,NO,RL,,,"NY, SR, TN, TK",,RS,,,"SR, ST, TK",,RL,,,"TK, ST, NY",,RS,,,"NY, ST, SR",,RS,,,ST,,red,693,693.0
1afb0ec4-08a6-4d10-bb4a-6b476c147f25,2025-03-23,1900-01-01 11:35:00,Yes,RL,,,"NY, SR, TN, TK",,RS,,,"SR, ST, TK",,RL,,,"TK, ST, NY",,RS,,,"NY, ST, SR",,RS,,,ST,,green,695,695.0
433f8414-1d0d-4922-a42f-074855ea9b20,2025-03-23,1900-01-01 11:37:00,NO,RL,,,"SR, TK, NY",,RS,,,"ST, TK, SR",,RL,,,"TK, ST, NY",,RS,,,"NY, ST, SR",,E,,,,,,697,697.0
77c1f39c-28cb-4bcd-bfed-ac697e782f61,2025-03-23,1900-01-01 11:39:00,NO,RL,,,"SR, TK, NY",,M,,SR,"ST, TK",,RL,,NY,"ST, TK",,RS,,,"SR, ST, NY",,E,,,,,,699,699.0
35f54314-e51f-49e7-86ec-3a7ec8b1ee7e,2025-03-23,1900-01-01 11:41:00,NO,RL,,,"TK, SR",,RS,,,,,RL,,,"TK, ST",,RS,,,"SR, ST",,E,,,,,red,701,701.0
41bf70c7-8c1c-4381-8338-826b6fb60c11,2025-03-23,1900-01-01 11:43:00,Yes,RL,,,"TK, SR",,RS,,,,,RL,,,"TK, ST",,RS,,,"SR, ST",,E,,,,,green,703,703.0
406bcbeb-78e0-4746-9a69-b7d6d21b1596,2025-03-23,1900-01-01 11:45:00,Yes,RL,,,"TK, SR",,RS,,,,,RL,,,"TK, ST",,RS,,,"SR, ST",,E,,,,,green,705,705.0
3ccca0e0-22df-4957-a633-55285efcb5ab,2025-03-23,1900-01-01 13:19:00,NO,RS,,,,,RS,,TK,,,RS,,,,,RS,,NY,,,E,,,,,,799,799.0
d7f3fc99-7a44-432f-866c-aacca55972c6,2025-03-23,1900-01-01 13:21:00,NO,RS,,,,,RS,,SR,,,RS,,NY,,,RS,,,,,M,,,,,,801,801.0
af9cc94a-40eb-433d-8259-6f710d633220,2025-03-23,1900-01-01 13:23:00,NO,E,,,TN,,RS,,,,,RS,,,,,M,,,"TN, ST",,M,,,ST,,,803,803.0
fa2eb877-0551-479e-b0dd-601bfd9390f7,2025-03-23,1900-01-01 13:25:00,NO,E,,,,,RS,,,,,RS,,,,,RS,,,,,E,,,,,,805,805.0
4f92f5d8-4716-4045-839d-e5e0ad7dc1df,2025-03-23,1900-01-01 13:27:00,NO,M,,,"TK, TN",,RS,,,,,RS,,,,,M,,,"TN, ST",,E,,,"ST, TK",,,807,807.0
37db2fd8-d9a6-4a3e-9cfb-d697e0494bee,2025-03-23,1900-01-01 13:29:00,NO,RS,,,TN,,RS,,,TK,,RS,,,,,RS,,,NY,,E,,,ST,,,809,809.0
19bd1275-1b0c-431d-9dfb-51d1eb89441d,2025-03-23,1900-01-01 13:31:00,NO,RS,,,TN,,RS,,TK,,,RS,,,,,RS,,NY,,,E,,,ST,,,811,811.0
996684d8-8a17-483f-823f-5c6e87e981e9,2025-03-23,1900-01-01 13:33:00,NO,RS,,TN,,,RS,,TK,,,RS,,,,,RS,,NY,,,E,,ST,,,,813,813.0
d13f91d2-1167-40b3-8118-599c40ac2b13,2025-03-23,1900-01-01 13:35:00,NO,RS,,TN,,,RS,,,TK,,RS,,,,,RS,,,NY,,E,,ST,,,,815,815.0
28dd5200-8add-4333-a9ab-e7507ddbe95e,2025-03-23,1900-01-01 13:37:00,NO,RS,,TN,NY,,RS,,,"TN, ST",,RS,,,,,RS,,,,,RS,,ST,NY,,,817,817.0
fdc09af8-00da-4366-ac04-5e7995592b9e,2025-03-23,1900-01-01 13:39:00,NO,RS,,TN,"NY, TK",,M,,,"TN, TK, ST",,RS,,,,,M,,,"NY, TN, ST",,M,,ST,"NY, TK",,,819,819.0
f53134d0-48e0-4008-8c48-6bbc9f4c9ebf,2025-03-23,1900-01-01 13:41:00,NO,GM,TN,,TK,,RS,,,,,RS,,,,,RS,,,"ST, TN",,GM,ST,,TK,,,821,821.0
a428b16b-3492-4f6e-8ba9-0f194c36b602,2025-03-23,1900-01-01 13:43:00,NO,RS,,,"TN, TK",,RS,,SR,,,RS,,NY,,,GR,TN,,ST,,GG,TK,,ST,,,823,823.0
67f06352-f3c5-4ea0-98e7-a2a91234dc8f,2025-03-23,1900-01-01 13:45:00,NO,RS,TN,TN,TK,,RS,,SR,,,RS,,NY,,,E,,,"TN, ST",,RS,ST,,TK,,,825,825.0
46e1c070-813c-4328-8631-df3053bcfff8,2025-03-23,1900-01-01 13:47:00,NO,RS,,,,,RS,,SR,,,RS,,NY,,,RS,,,,,M,,,,,,827,827.0
b3b662d4-9256-4eb1-a8fd-09205df6e8f2,2025-03-23,1900-01-01 13:49:00,NO,RS,,,,,RS,,SR,,,RS,,NY,,,RS,,,,,RS,,,,,,829,829.0
3e5d9561-e453-4211-812b-7d05d330ce0c,2025-03-23,1900-01-01 13:51:00,NO,RS,,,"TK, TN",,M,,SR,,,M,,NY,,,E,,TN,ST,,M,,TK,ST,,,831,831.0
3795ed23-3f87-4418-b6bd-0ebf6a671751,2025-03-23,1900-01-01 13:53:00,NO,RS,,TK,TN,,RS,,,,,RS,,,,,E,,,"ST, TN",,RS,,ST,TK,,,833,833.0
b01a0031-e812-4885-a349-b48bdf139532,2025-03-23,1900-01-01 13:55:00,NO,RS,,,"TK, TN",,RS,,,,,RS,,,,,RS,,TN,ST,,RS,,TK,ST,,,835,835.0
f3386188-27fa-434e-841b-d2c0923991e6,2025-03-23,1900-01-01 13:57:00,NO,RS,,TN,TK,,RS,,,,,RS,,,,,RS,,,"TN, ST",,RS,,ST,TK,,,837,837.0
c1870897-423d-4490-b52b-87bcc14e5724,2025-03-23,1900-01-01 13:59:00,NO,RS,,,"TN, NY, TK",,M,,,ST,,RS,,,,,RS,,,"TN, ST",,RS,,,"ST, TK",,,839,839.0
76627da9-dce6-42b8-9724-7c9dfbb97e0e,2025-03-23,1900-01-01 14:01:00,NO,RS,,TN,TK,,M,,,,,RS,,,,,M,,,"TN, ST",,RS,,ST,TK,,,841,841.0
459f816d-43fb-4e63-9a58-b027c504a51a,2025-03-23,1900-01-01 14:03:00,NO,RS,,,"TK, TN",,RS,,,,,RS,,,,,RS,,,ST,,M,,,ST,,,843,843.0
8f7da14c-4d2b-4491-b391-4ad658ac5cee,2025-03-23,1900-01-01 14:05:00,NO,RS,,,TK,,RS,,,,,RS,,,,,RS,,,ST,,RS,,,,,,845,845.0
5a4ab473-9b8e-40b3-8135-ac3196270f41,2025-03-23,1900-01-01 14:07:00,NO,RS,,,"TK, TN",,RS,,,,,RS,,,,,RS,,TN,ST,,RS,,TK,ST,,,847,847.0
2f59ac5d-c9f4-42c8-8bc9-335c6b9b869e,2025-03-23,1900-01-01 14:09:00,NO,RS,,,TK,,RS,,,SR,,RS,,,NY,,RS,,,ST,,RS,,,,,,849,849.0
6a061d0d-bf2f-4fa9-8b0b-3aaa20ff2cf9,2025-03-23,1900-01-01 14:11:00,NO,RS,,,"TN, TK",,RS,,,SR,,RS,,,NY,,RS,,,ST,,RS,,,ST,,,851,851.0
35ec0c81-5c9c-4049-94c0-95138280c901,2025-03-23,1900-01-01 14:13:00,NO,RS,,"TK, TN",,,RS,,,SR,,RS,,,NY,,RS,,"TN, ST",,,RS,,"TK, ST",,,,853,853.0
9bcc1047-1dd8-4c39-90ee-176773ce605a,2025-03-23,1900-01-01 14:15:00,NO,GM,TN,TK,,,RS,,,SR,,RS,,,NY,,RS,,"TN, ST",,,GM,ST,TK,,,,855,855.0
3bc71b6b-aeed-457c-a41c-cbc75c86e3a9,2025-03-23,1900-01-01 14:17:00,NO,RS,,TN,TK,,RS,,,SR,,RS,,,NY,,RL,,,"TN, ST",,RS,,ST,TK,,,857,857.0
18473537-b62f-499b-b60b-89ab387ad937,2025-03-23,1900-01-01 14:19:00,NO,RS,,,"TK, TN",,RS,,,,,M,,,,,RL,,,"TN, ST",,E,,,"ST, TK",,,859,859.0
6c50f016-53a0-4b6c-87c9-6fbf4f864acc,2025-03-23,1900-01-01 14:21:00,NO,RS,,,"TN, TK",,RS,,,,,RS,,,,,RL,,,"TN, ST",,E,,,"TK, ST",,red,861,861.0
ae043234-f29e-4b93-94a6-3fd41e2f4e4d,2025-03-23,1900-01-01 14:23:00,Yes,RS,,,"TN, TK",,RS,,,,,RS,,,,,RL,,,"TN, ST",,E,,,"TK, ST",,green,863,863.0
69a1ecb7-a8f4-43fb-afc6-5f1aed69b32d,2025-03-23,1900-01-01 14:25:00,NO,M,,,,,M,,,SR,,M,,,NY,,RL,,,TN,,RS,,,TK,,,865,865.0
7abdc8ac-63e0-4b3e-b969-28cdde9eeb93,2025-03-23,1900-01-01 14:27:00,NO,M,,SR,,,RS,,,,,M,,ST,,,RL,,,TN,,RS,,,TK,,red,867,867.0
4d0d75b2-4f6d-448b-a336-1a9f4b37bfc3,2025-03-23,1900-01-01 14:29:00,Yes,M,,SR,,,RS,,,,,M,,ST,,,RL,,,TN,,RS,,,TK,,green,869,869.0
d2c5587d-0616-4bd9-9512-703879616ad5,2025-03-23,1900-01-01 14:31:00,NO,M,,SR,"TK, TN",,RS,,,,,M,,ST,"TK, TN",,RL,,,"TN, ST, SR",,RS,,,"TK, ST, SR",,,871,871.0
beb3eda2-7386-4bf2-afc4-027ff7ca4238,2025-03-23,1900-01-01 14:33:00,NO,GM,SR,,"TK, NY, TN",,M,,,"SR, TK, ST, TN",,GM,ST,,"TK, TN, NY",,RL,,,"NY, ST, TN, SR",,RS,,,"NY, TK, ST, SR",,,873,873.0
91b0bedc-4278-410d-9b15-17d999f05680,2025-03-23,1900-01-01 14:35:00,NO,M,,SR,TK,,RS,,,,,M,,ST,TK,,RS,,,"ST, SR",,RS,,,,,,875,875.0
f4152ec9-3fbc-4221-8a0a-fd48b22d62fc,2025-03-23,1900-01-01 14:37:00,NO,M,,"SR, TK, TN",,,M,,,"SR, TK, ST, TN",,M,,"ST, TK","TN, NY",,M,,"ST, SR","TN, NY",,M,,"TK, ST","NY, ST, SR",,,877,877.0
d47b9dbf-23ca-4c53-ab79-541331267594,2025-03-23,1900-01-01 14:39:00,NO,RS,SR,TN,TK,,RS,,,,,PL,"TN, ST",,TK,,RS,,,"TN, SR, ST",,PL,"SR, ST",,TK,,,879,879.0
94cc909d-c234-448e-a227-c1e08f3b492b,2025-03-23,1900-01-01 14:41:00,NO,RS,,,,,RS,,TK,,,M,,TN,,,RS,,NY,,,M,,SR,,,red,881,881.0
5a214742-9313-431c-ab49-861d9366254f,2025-03-23,1900-01-01 14:44:00,Yes,RS,,,,,RS,,TK,,,M,,TN,,,RS,,NY,,,M,,SR,,,green,884,883.0
e81c1b99-9d21-4dbf-945a-a976f1aad242,2025-03-23,1900-01-01 14:45:00,NO,RS,,SR,,,RS,,,TK,,RS,,ST,,,RS,,,NY,,RS,,,,,,885,885.0
ccf75431-b5a1-41a2-ab73-5358d0dafb49,2025-03-24,1900-01-01 09:32:00,NO,E,,,,,M,,,,,RS,,,,,RS,,,,,E,,,,,,572,572.0
635d5fce-1610-43c4-846f-5add000eadb6,2025-03-24,1900-01-01 09:34:00,NO,E,,,,,E,,TK,,,RS,,,,,RS,,NY,,,M,,,,,,574,574.0
72484e8e-30c6-413f-8c28-93bfdd333bae,2025-03-24,1900-01-01 09:36:00,NO,E,,,,,M,,,,,RS,,,,,RS,,,,,E,,,,,,576,576.0
98673e2c-280e-4f2c-bf9e-d435411f41ae,2025-03-24,1900-01-01 09:38:00,NO,M,,SR,,,E,,,,,M,,ST,,,RS,,,,,E,,,,,,578,578.0
f4c22fae-b125-4e0f-be03-77e20fa6f32c,2025-03-24,1900-01-01 09:40:00,NO,E,,,,,E,,,,,M,,,,,RS,,,,,E,,,,,,580,580.0
ace31b45-b8be-41d3-9a80-285129fb792a,2025-03-24,1900-01-01 09:42:00,NO,E,TN,,SR,,E,,,,,RS,,,ST,,RS,,,,,E,,,,,,582,582.0
32c7b8c8-dbb6-47b3-bfac-50501c3811b4,2025-03-24,1900-01-01 09:44:00,NO,E,,SR,,,E,,,,,RS,,ST,,,RS,,,,,E,,,,,,584,584.0
a8dda896-d7dd-4ef7-aa3c-6792ab294402,2025-03-24,1900-01-01 09:46:00,NO,E,,,,,E,,,,,RS,,,,,RS,,,,,M,,,,,,586,586.0
fd391cfd-2591-4c57-bdf3-63be7a0f6ba9,2025-03-24,1900-01-01 09:48:00,NO,E,,,SR,,E,,,,,RS,,,ST,,RS,,,,,M,,,,,,588,588.0
2c51c471-5c94-4ec2-8102-854c01c70b2e,2025-03-24,1900-01-01 09:50:00,NO,E,,SR,,,M,,,TN,,RS,,ST,,,RS,,,,,E,,,NY,,,590,590.0
6442ba57-d679-4fd6-91c7-02da02b5f8d4,2025-03-24,1900-01-01 09:52:00,NO,E,,SR,,,E,,,TN,,RS,,ST,,,RS,,,,,E,,,NY,,red,592,592.0
077a77cf-62b0-4bca-b045-5641ea27a82f,2025-03-24,1900-01-01 09:54:00,Yes,E,,SR,,,E,,,TN,,RS,,ST,,,RS,,,,,E,,,NY,,green,594,594.0
2fac72e4-2e03-48fa-b77a-5e5d0d4c36ad,2025-03-24,1900-01-01 09:56:00,NO,M,,,TN,,E,,,,,RS,,,,,RS,,,,,E,,,ST,,,596,596.0
1fb41294-7562-4986-80a8-7c50953a880d,2025-03-24,1900-01-01 09:58:00,NO,RS,,,,,RS,,,TK,,RS,,,TN,,RS,,,NY,,E,,,SR,,,598,598.0
c4e7b868-e2b4-4771-9192-5e416947ef4f,2025-03-24,1900-01-01 10:00:00,NO,RS,,SR,,,RS,,,TK,,RS,,ST,,,RS,,,NY,,E,,,,,red,600,600.0
ba6f2d2d-9ba3-452c-b495-b877f87629dc,2025-03-24,1900-01-01 10:02:00,Yes,RS,,SR,,,RS,,,TK,,RS,,ST,,,RS,,,NY,,E,,,,,green,602,602.0
fedcb13d-bdc1-4e31-ae02-3b226f52d226,2025-03-24,1900-01-01 10:04:00,NO,RS,,,SR,,RS,,,TK,,RS,,,ST,,RS,,,NY,,E,,,,,,604,604.0
83bdf188-ce04-4178-bda9-9745118ec897,2025-03-24,1900-01-01 10:06:00,NO,RS,,SR,,,RS,,,TK,,RS,,ST,,,RS,,,NY,,E,,,,,red,606,606.0
10a64822-99b8-4a55-9a1e-a1c417b5667f,2025-03-24,1900-01-01 10:08:00,Yes,RS,,SR,,,RS,,,TK,,RS,,ST,,,RS,,,NY,,E,,,,,green,608,608.0
1d9ffcef-860d-411d-b6ef-f92cb77099ee,2025-03-24,1900-01-01 10:10:00,NO,GR,TN,,SR,,RS,,,TK,,RS,,,"TN, ST",,RS,,,NY,,GG,ST,,SR,,,610,610.0
74ae5897-2445-4d4a-a6e2-4ad1de2c6e51,2025-03-24,1900-01-01 10:12:00,NO,E,TN,SR,,,RS,,,TK,,RS,,ST,TN,,RS,,,NY,,GG,ST,,SR,,red,612,612.0
2c92b0c3-40e4-4646-8d96-9f76ed80665c,2025-03-24,1900-01-01 10:14:00,Yes,E,TN,SR,,,RS,,,TK,,RS,,ST,TN,,RS,,,NY,,GG,ST,,SR,,green,614,614.0
3bc8595e-c64a-40f2-9ff3-09f89bd03375,2025-03-24,1900-01-01 10:16:00,NO,E,TN,NY,SR,,RS,,ST,"SR, TN",,RS,,,"TN, ST, NY",,RS,,,,,E,ST,,"NY, SR",,,616,616.0
5bd111f3-3268-4d35-ad46-efe8a8652e4e,2025-03-24,1900-01-01 10:18:00,NO,GR,TN,,SR,,M,,,,,RS,,,"ST, TN",,RS,,,,,GG,ST,,SR,,,618,618.0
7a2741b9-db03-4052-ab68-0c7eed0a6b4b,2025-03-24,1900-01-01 10:20:00,NO,RS,,TN,"SR, NY",,RS,,,"TN, ST",,RS,,,"TN, ST",,RS,,,,,RS,,ST,"SR, NY",,,620,620.0
5023eec5-4edb-436e-a5a7-d3a4d810982e,2025-03-24,1900-01-01 10:22:00,NO,RS,,"SR, TN",,,M,,,,,RS,,"TN, ST",,,RS,,,,,RS,,"ST, SR",,,,622,622.0
201bef42-105e-40d3-ae0c-7d7a31d71252,2025-03-24,1900-01-01 10:24:00,NO,RS,,"TN, SR",,,RS,,,,,RS,,"TN, ST",,,RL,,,,,RS,,"ST, SR",,,,624,624.0
2c613315-87eb-4e2a-9063-7aee9068d0f8,2025-03-24,1900-01-01 10:26:00,NO,RS,,,SR,,M,,,,,RS,,,ST,,RL,,,,,RS,,,,,,626,626.0
46657d33-1c10-4530-8926-85a3fc837a24,2025-03-24,1900-01-01 10:28:00,NO,RS,,,SR,,E,,,,,RS,,,ST,,RL,,,,,RS,,,,,red,628,628.0
e2c6ab47-6bdf-4f57-a069-59cd96c53b8c,2025-03-24,1900-01-01 10:30:00,Yes,RS,,,SR,,E,,,,,RS,,,ST,,RL,,,,,RS,,,,,green,630,630.0
9071e0ea-df84-4491-8369-6d8d4e52fc88,2025-03-24,1900-01-01 10:32:00,Yes,RS,,,SR,,E,,,,,RS,,,ST,,RL,,,,,RS,,,,,green,632,
ee39d627-f724-431f-aac7-abbd207f43e4,2025-03-24,1900-01-01 10:34:00,NO,RS,,,SR,,RS,,,,,RS,,,ST,,RL,,,,,RS,,,,,,634,
26a336ed-3f00-4d1c-9a3c-cc237aa1aada,2025-03-24,1900-01-01 10:36:00,NO,RS,,,SR,,RS,,,,,RS,,,ST,,RL,,TN,,,RS,,TK,,,,636,
e0a2f8c3-5b46-4a28-9c39-3e4947d4fde0,2025-03-24,1900-01-01 10:38:00,NO,RS,,,,,RS,,,,,M,,,,,RL,,TN,,,RS,SR,TK,,,,638,
0fb71ee4-0551-4b12-9179-a353173040fe,2025-03-24,1900-01-01 10:40:00,NO,RS,,,,,RS,,,SR,,M,,,NY,,RS,,TN,,,RS,,TK,,,,640,
eb307cf1-09d4-4a34-a98c-4530f418d881,2025-03-24,1900-01-01 10:42:00,NO,RS,,,,,RS,,,SR,,RS,,,NY,,RS,,TN,,,RS,,TK,,,,642,
6eeffb3d-6b12-4664-99b0-5ad5081c5343,2025-03-24,1900-01-01 10:44:00,NO,RS,,,,,M,,,"TK, TN",,RS,,,,,RS,,TN,,,RL,,TK,,,,644,645.0
2b814498-d08e-4ec4-bfe8-1864636ba308,2025-03-24,1900-01-01 10:46:00,NO,RS,,,,,RS,,SR,,,RS,,NY,,,RS,,TN,,,RL,,TK,,,,646,647.0
9896a76e-a0fc-4f82-a709-df07bc385eff,2025-03-24,1900-01-01 10:48:00,NO,RS,,,,,E,,SR,,,RS,,NY,,,RS,,,TN,,RL,,,TK,,,648,649.0
24b133f5-5413-47a7-a03d-34ebbd636860,2025-03-24,1900-01-01 10:50:00,NO,RS,,,,,RS,,,,,M,,,NY,,RS,,,TN,,RL,,,TK,,red,650,651.0
13b9a2ab-86df-49e4-96c6-11b0c0587d72,2025-03-24,1900-01-01 10:52:00,Yes,RS,,,,,RS,,,,,M,,,NY,,RS,,,TN,,RL,,,TK,,green,652,653.0
6c69b483-c5e1-430e-a5e8-0b3ba74bc780,2025-03-24,1900-01-01 10:54:00,NO,RS,,,,,RS,,,SR,,RS,,,NY,,RS,,TN,,,RS,,TK,,,,654,655.0
3bc2c777-e626-44d4-817b-c572cdbc6add,2025-03-24,1900-01-01 10:56:00,NO,RS,,,,,RS,,,"TK, TN",,RS,,,,,RS,,TN,NY,,RS,,TK,NY,,red,656,657.0
30460a65-5a31-4a0d-bb1f-fd3b7875a94d,2025-03-24,1900-01-01 10:58:00,Yes,RS,,,,,RS,,,"TK, TN",,RS,,,,,RS,,TN,NY,,RS,,TK,NY,,green,658,659.0
79de2292-eabf-47cf-9649-34ac0958b12c,2025-03-24,1900-01-01 11:00:00,Yes,RS,,,,,RS,,,"TK, TN",,RS,,,,,RS,,TN,NY,,RS,,TK,NY,,green,660,661.0
620e286d-4ee9-4411-9c1b-5d345e70ba47,2025-03-24,1900-01-01 11:02:00,NO,RS,,TN,,,RS,,,TK,,RS,,,,,RS,,,NY,,E,,ST,,,red,662,663.0
1e1588b7-9a04-4cc8-baa3-ab76b58c4e67,2025-03-24,1900-01-01 11:04:00,Yes,RS,,TN,,,RS,,,TK,,RS,,,,,RS,,,NY,,E,,ST,,,green,664,665.0
95cadffd-a008-4b22-8314-c0ea1a206f33,2025-03-24,1900-01-01 11:06:00,NO,RS,,,TN,,RS,,,TK,,RS,,,,,RS,,,NY,,M,,,ST,,,666,667.0
22b8ba65-7d80-4212-b22a-ff889a994e8f,2025-03-24,1900-01-01 11:08:00,NO,RS,,,TN,,RS,,,TK,,RS,,,,,RS,,,NY,,E,,,ST,,red,668,669.0
4ec8fe86-ca0e-4241-8d12-cfda91efe967,2025-03-24,1900-01-01 11:10:00,Yes,RS,,,TN,,RS,,,TK,,RS,,,,,RS,,,NY,,E,,,ST,,green,670,671.0
add162d2-1379-449f-9cda-690353926b3b,2025-03-24,1900-01-01 11:12:00,NO,RS,,,TN,,RS,,,TK,,RS,,,,,RL,,,NY,,E,,,ST,,red,672,673.0
bfdff205-bb6a-4232-968a-7223115004d2,2025-03-24,1900-01-01 11:14:00,Yes,RS,,,TN,,RS,,,TK,,RS,,,,,RL,,,NY,,E,,,ST,,green,674,675.0
64759188-f493-4700-9c0d-3395eae378da,2025-03-24,1900-01-01 11:16:00,Yes,RS,,,TN,,RS,,,TK,,RS,,,,,RL,,,NY,,E,,,ST,,green,676,677.0
a684be06-8401-48c3-854d-09dfaf495973,2025-03-24,1900-01-01 11:18:00,Yes,RS,,,TN,,RS,,,TK,,RS,,,,,RL,,,NY,,E,,,ST,,green,678,679.0
ab8e2cd0-c461-4772-b767-425b2ce2f298,2025-03-24,1900-01-01 11:20:00,Yes,RS,,,TN,,RS,,,TK,,RS,,,,,RL,,,NY,,E,,,ST,,green,680,681.0
4cd08245-f637-4118-8e3c-129cbcf25e48,2025-03-24,1900-01-01 11:22:00,NO,RS,,,TN,,RS,,,TK,,RS,,,,,RS,,,NY,,M,,,ST,,,682,683.0
8e333754-8dd0-4d52-bb49-d4d939b96f5a,2025-03-24,1900-01-01 11:24:00,NO,RS,,,,,RS,,,TK,,RS,,,,,RS,,,NY,,RS,,,,,,684,685.0
a0ef686a-007b-4633-8430-51a439971228,2025-03-24,1900-01-01 11:26:00,NO,M,,,,,RS,,SR,,,RS,,NY,,,RL,,,,,RS,,,,,,686,687.0
47c0ffd7-b4d7-42b4-9230-3b94ff27d70d,2025-03-24,1900-01-01 11:28:00,NO,RS,,"NY, TK",,,RS,,"TK, ST",,,RS,,,,,RL,,"ST, NY",,,DS,,,,Typical butt scooch behavior,,688,689.0
5c891757-9025-4b13-ad5a-e556e1f13c36,2025-03-24,1900-01-01 11:30:00,NO,RS,,TK,NY,,RS,,,"TK, ST",,RS,,,,,RL,,ST,NY,,RS,,,,,,690,691.0
17272193-20dc-4842-bfa0-3458e9338c05,2025-03-24,1900-01-01 11:32:00,NO,RL,,TK,NY,,RS,,,"TK, ST",,RS,,,,,RL,,ST,NY,,RS,,,,,,692,693.0
c4221f16-4c91-41d5-84e2-b73b1546e258,2025-03-24,1900-01-01 11:34:00,NO,RL,,"TK, NY",,,RS,,"TK, ST",,,RS,,,,,RL,,"ST, NY",,,RS,,,,,,694,695.0
a5395708-6317-4716-b9b6-f2315c8b3c76,2025-03-24,1900-01-01 11:36:00,NO,RL,,TK,,,RS,,,,,RS,,,,,RL,,ST,,,RS,,,,,,696,697.0
911f7cda-716c-4d2e-b187-6aa5abad4af7,2025-03-24,1900-01-01 11:38:00,NO,RL,,TK,,,RS,,,,,RS,,,,,RL,,ST,,,DS,,,,Typical butt scooch behav,,698,699.0
c0588e37-4b5a-4379-ac23-8efd3316e559,2025-03-24,1900-01-01 11:40:00,NO,RL,,TK,,,RS,,,,,RS,,,,,RL,,ST,,,RS,,,,,red,700,701.0
1c60151f-5f2c-451c-a90c-567e2694951e,2025-03-24,1900-01-01 11:42:00,Yes,RL,,TK,,,RS,,,,,RS,,,,,RL,,ST,,,RS,,,,,green,702,703.0
e2c6c451-d6bf-400e-8908-3215e66d3579,2025-03-24,1900-01-01 11:44:00,NO,RL,,TK,NY,,RS,,,"TK, ST",,RS,,,,,RL,,TN,NY,,DS,,,,,,704,705.0
b0bac1c8-4b8c-4aed-8fbc-b01e4f14b4bf,2025-03-24,1900-01-01 11:46:00,NO,RL,,TK,NY,,RS,,,"TK, ST",,RS,,,,,RS,,ST,NY,,RS,,,,,,706,
87663646-460a-4788-ac2a-2c68f6c00a4f,2025-03-24,1900-01-01 13:20:00,NO,E,,,"TK, TN",,E,,,,,RS,,,,,E,,TN,ST,,E,,TK,ST,,red,800,799.0
ed85da7a-629a-4ba7-a4f8-dab5cc42cbf0,2025-03-24,1900-01-01 13:22:00,Yes,E,,,"TK, TN",,E,,,,,RS,,,,,E,,TN,ST,,E,,TK,ST,,green,802,801.0
1455bfba-e334-4679-be51-055b73f33a99,2025-03-24,1900-01-01 13:24:00,NO,E,,TK,TN,,E,,,,,RS,,,,,E,,ST,TN,,E,,,"TK, ST",,,804,803.0
c537ddda-5284-467a-a492-1be860285d8e,2025-03-24,1900-01-01 13:26:00,NO,E,,TN,TK,,E,,,,,RS,,,,,M,,,"TN, ST",,E,,ST,TK,,,806,805.0
b7528838-5e41-47ad-bffe-e6968ba9f895,2025-03-24,1900-01-01 13:28:00,NO,E,,TN,,,E,,,TK,,RS,,,,,M,,,NY,,E,,ST,,,,808,807.0
14fa27c9-8fc2-44bb-b2ee-be03b4ce6fe2,2025-03-24,1900-01-01 13:30:00,NO,E,,TN,,,RS,,,TK,,RS,,,,,RS,,,NY,,E,,ST,,,,810,809.0
7b576541-8874-43d7-8c55-63910855a205,2025-03-24,1900-01-01 13:32:00,NO,E,,,TN,,E,,,TK,,RS,,,,,RS,,,NY,,E,,,ST,,,812,811.0
e7e479be-3f66-465f-946b-d4dbe046b7f3,2025-03-24,1900-01-01 13:34:00,NO,E,,,TN,,M,,,SR,,RS,,,NY,,RL,,,,,E,,,ST,,,814,813.0
5b38e698-116d-4aab-8b65-b1b119564228,2025-03-24,1900-01-01 13:36:00,NO,E,,,TN,,E,,,SR,,RS,,,NY,,RL,,,,,E,,,ST,,red,816,815.0
7e89a192-329d-4f34-a92b-cb4c7e47a39d,2025-03-24,1900-01-01 13:38:00,Yes,E,,,TN,,E,,,SR,,RS,,,NY,,RL,,,,,E,,,ST,,green,818,817.0
b169b70c-576e-43bd-b21b-1addfe7890fa,2025-03-24,1900-01-01 13:40:00,Yes,E,,,TN,,E,,,SR,,RS,,,NY,,RL,,,,,E,,,ST,,green,820,819.0
758ce22e-800a-4c44-8a54-c81d4e395193,2025-03-24,1900-01-01 13:42:00,NO,E,,,TN,,M,,,,,RS,,,,,RL,,,,,E,,,ST,,,822,821.0
02e74ac5-2817-42cd-9a41-15dcb2fbf195,2025-03-24,1900-01-01 13:44:00,NO,E,,TN,,,RL,,TK,,,RS,,,,,RL,,NY,,,E,,ST,,,red,824,823.0
5f432585-aa0b-4d64-bf73-29e1ad8c4f59,2025-03-24,1900-01-01 13:46:00,Yes,E,,TN,,,RL,,TK,,,RS,,,,,RL,,NY,,,E,,ST,,,green,826,825.0
04223151-786c-4cb8-ae75-9be15a329c74,2025-03-24,1900-01-01 13:48:00,NO,E,,,,,RL,,TK,,,RS,,,,,RL,,NY,,,DS,,,,Butt scooch,red,828,827.0
0c049448-45c6-482d-82f5-b1ce445eccaa,2025-03-24,1900-01-01 13:50:00,Yes,E,,,,,RL,,TK,,,RS,,,,,RL,,NY,,,DS,,,,Butt scooch,green,830,829.0
03298775-c008-4ebf-bab5-8711695d235d,2025-03-24,1900-01-01 13:52:00,NO,E,,,TN,,RS,,,TK,,RS,,,,,RL,,,NY,,E,,,ST,,red,832,831.0
53f540e9-49c1-4293-9cdd-8a5f9696468d,2025-03-24,1900-01-01 13:54:00,Yes,E,,,TN,,RS,,,TK,,RS,,,,,RL,,,NY,,E,,,ST,,green,834,833.0
bfb63bf5-925c-4b44-a526-60204478bdf5,2025-03-24,1900-01-01 13:56:00,NO,RS,,,TN,,RS,,,TK,,RS,,,,,RL,,,NY,,E,,,ST,,red,836,835.0
343dc0b9-0dd9-4151-9dba-69c95a5f2f35,2025-03-24,1900-01-01 13:58:00,Yes,RS,,,TN,,RS,,,TK,,RS,,,,,RL,,,NY,,E,,,ST,,green,838,837.0
d3b57077-dc95-405c-bdbb-b3e069cdc646,2025-03-24,1900-01-01 14:00:00,NO,RS,,,TN,,RS,,,SR,,RS,,,NY,,RL,,,,,E,,,ST,,,840,839.0
4b892fcc-17cb-41b4-884a-784c1fc5c953,2025-03-24,1900-01-01 14:02:00,NO,RS,,,TN,,RS,,,,,RS,,,,,RS,,,,,E,,,ST,,,842,841.0
c4d33368-7689-44bf-897e-2d63d775835a,2025-03-24,1900-01-01 14:04:00,NO,RS,,,"SR, TN",,RS,,,,,M,,TN,ST,,RS,,,,,E,,SR,ST,,,844,843.0
3304db90-a96c-40fd-9ae3-a40796f87c54,2025-03-24,1900-01-01 14:06:00,NO,RS,,,TN,,RS,,,,,M,,,,,RS,,,,,E,,,ST,,,846,845.0
d8119d58-c487-4608-a022-12ca52f8ac12,2025-03-24,1900-01-01 14:08:00,NO,PL,,NY,,,PL,,ST,,Following ST,RS,,,,,RS,,,,,E,,,,,,848,847.0
92cdf155-3b28-4c4b-a856-5f25a14fa331,2025-03-24,1900-01-01 14:10:00,NO,DS,,,,Pant hoot,M,,,,,RS,,,,,RS,,,,,E,,,,,,850,849.0
8123fa32-83f0-4958-ac97-4f8e2c9c1578,2025-03-24,1900-01-01 14:12:00,NO,RS,,,,,RS,,,TK,,RS,,,,,RS,,,NY,,E,,,,,,852,851.0
cc4c87da-5d49-4c9c-81c7-2158468abbd6,2025-03-24,1900-01-01 14:14:00,NO,M,,,,,RS,,,TK,,RS,,,,,RS,,,NY,,E,,,,,,854,853.0
56180bba-ae72-4c05-ad4d-639e1a742712,2025-03-24,1900-01-01 14:16:00,NO,RS,,,,,RS,,,TK,,RS,,,,,RS,,,NY,,E,,,,,red,856,855.0
9652c8c6-a69b-489f-8138-c55770a8b121,2025-03-24,1900-01-01 14:18:00,Yes,RS,,,,,RS,,,TK,,RS,,,,,RS,,,NY,,E,,,,,green,858,857.0
99a99c0b-ddd6-44ae-b0f9-58e25af25180,2025-03-24,1900-01-01 14:20:00,Yes,RS,,,,,RS,,,TK,,RS,,,,,RS,,,NY,,E,,,,,green,860,859.0
411d2db6-eafd-456f-9074-8c6cb413e710,2025-03-24,1900-01-01 14:22:00,Yes,RS,,,,,RS,,,TK,,RS,,,,,RS,,,NY,,E,,,,,green,862,861.0
f13a10dc-9b32-4246-9d0e-2560fac23363,2025-03-24,1900-01-01 14:24:00,NO,E,,,,,RS,,,TK,,RS,,,,,RL,,,NY,,E,,,,,,864,863.0
95c30d51-e453-497a-bf47-2c35c30c2d7a,2025-03-24,1900-01-01 14:26:00,NO,E,,,,,RS,,,,,RS,,,,,RL,,,,,E,,,,,red,866,865.0
a271249b-6bf1-4d9a-a84b-06ddb3ae0667,2025-03-24,1900-01-01 14:28:00,Yes,E,,,,,RS,,,,,RS,,,,,RL,,,,,E,,,,,green,868,867.0
8f322126-37d6-4a22-8dee-e6c33572b57c,2025-03-24,1900-01-01 14:30:00,NO,M,,,TN,,RS,,,,,RS,,,,,M,,,,,M,,,ST,,,870,869.0
6683f027-997d-4e1f-b8f9-e21bc9f167b9,2025-03-24,1900-01-01 14:32:00,NO,RS,,,,,M,,,"TK, TN",,RS,,,,,PL,,TN,NY,,PL,,TK,NY,Chasing TK and hitting,,872,871.0
13041e01-9e5d-4ddb-b23e-1e18ff314c47,2025-03-24,1900-01-01 14:34:00,NO,M,,,TK,,RS,,,TK,,RS,,,,,E,,,"ST, NY",,RS,,,,,,874,873.0
69681894-8ee7-472f-b518-311c80ddc572,2025-03-24,1900-01-01 14:36:00,NO,E,,TK,"TN, NY",,E,,,"TK, ST, TN",,RS,,,,,E,,ST,"NY, TN",,E,,,"TK, NY, ST",,,876,875.0
cb6a48ed-5a39-40e8-ad94-648f460e94f4,2025-03-24,1900-01-01 14:38:00,NO,E,,TK,TN,,M,,,"TN, ST, TK",,RS,,,,,E,,ST,"TN, NY",,E,,,"ST, TK, NY",,,878,877.0
b4d629e4-f9a0-4ca0-bc6d-dc63fa0470b6,2025-03-24,1900-01-01 14:40:00,NO,E,,,TN,,RS,,,SR,,RS,,,NY,,RS,,,,,E,,,ST,,,880,879.0
5ea739cb-accd-42f2-8197-2a3be3da55fe,2025-03-24,1900-01-01 14:42:00,NO,RS,,,,,RS,,,TK,,RS,,,,,RS,,,NY,,E,,,,,red,882,881.0
3dd05b98-bf6d-493e-9e1b-94950a06c35b,2025-03-24,1900-01-01 14:44:00,Yes,RS,,,,,RS,,,TK,,RS,,,,,RS,,,NY,,E,,,,,green,884,883.0
a31febf1-1244-479f-92a2-25d69198bb28,2025-03-24,1900-01-01 14:46:00,Yes,RS,,,,,RS,,,TK,,RS,,,,,RS,,,NY,,E,,,,,green,886,885.0
d69ad374-7cc4-4042-b2eb-9db35fc5d06a,2025-04-26,1900-01-01 09:32:00,NO,RS,,,,,E,,,,,RS,,,,,RS,,,TN,,RS,,,TK,,,572,572.0
9eab6f28-8476-4828-9dda-36495aec860d,2025-04-26,1900-01-01 09:34:00,NO,M,,,,,E,,,,,RS,,,,,RS,,,,,RS,,,,,,574,574.0
1dbbff2e-b4b6-45e5-bd6c-f246f90f2939,2025-04-26,1900-01-01 09:36:00,NO,E,,,,,E,,,,,RS,,,,,RS,,,,,E,,,,,red,576,576.0
0849f562-2fbb-4ea9-90a9-0daec8a2f812,2025-04-26,1900-01-01 09:38:00,Yes,E,,,,,E,,,,,RS,,,,,RS,,,,,E,,,,,green,578,578.0
f7dabfda-e4d2-4c02-9b63-bf5f4849e64b,2025-04-26,1900-01-01 09:40:00,Yes,E,,,,,E,,,,,RS,,,,,RS,,,,,E,,,,,green,580,580.0
a9e14528-1bac-4793-84f5-206e867ca4ce,2025-04-26,1900-01-01 09:42:00,NO,E,,NY,,,RS,,ST,,,RS,,,,,RS,,,,,RS,,,,,,582,582.0
4aa715f0-c8b5-400b-ba5f-90e54a40ecf1,2025-04-26,1900-01-01 09:44:00,NO,E,,,,,E,,,,,RS,,,,,RS,,,,,RS,,,,,,584,584.0
efd7b095-e091-4ff7-8622-d4c3a6318246,2025-04-26,1900-01-01 09:46:00,NO,E,,,TN,,E,,,,,RS,,,,,RS,,,,,E,,,ST,,,586,586.0
f1bff6e5-963a-4c0a-9bb9-8e20317d6eff,2025-04-26,1900-01-01 09:48:00,NO,E,,,TN,,M,,,,,M,,,,,RS,,,,,M,,,ST,,,588,588.0
279948ec-9852-45f3-9ae1-2ce49c4a7d1c,2025-04-26,1900-01-01 09:50:00,NO,E,,,SR,,M,,,SR,,M,,,"ST, NY",,RS,,,,,RS,,,,,,590,590.0
9dead641-74f6-4d95-a889-d3bba2958090,2025-04-26,1900-01-01 09:52:00,NO,RS,,,,,GR,SR,,,,GG,NY,,,,RS,,,TN,,RS,,,TK,,,592,592.0
a96b83e5-3a89-43f9-a6b5-a7cffd52092e,2025-04-26,1900-01-01 09:54:00,NO,RS,,NY,,,RS,,ST,,,RS,,,,,RS,,,TN,,RL,,,TK,,,594,594.0
7b80f5c0-3cbf-4141-b38e-c14b0799aba4,2025-04-26,1900-01-01 09:56:00,NO,RS,,SR,,,M,,,,,RS,,ST,,,RS,,,TN,,RL,,,TK,,red,596,596.0
b68aa053-2e28-4524-acfb-37db968d5994,2025-04-26,1900-01-01 09:58:00,Yes,RS,,SR,,,M,,,,,RS,,ST,,,RS,,,TN,,RL,,,TK,,green,598,598.0
615f06ed-f8bd-452d-afd6-c30d708a04e5,2025-04-26,1900-01-01 10:00:00,NO,RS,,SR,NY,,RS,,SR,ST,,RS,,ST,NY,,RS,,,TN,,RL,,,TK,,,600,600.0
a8472fd3-c81d-4678-b549-8df500cdf46a,2025-04-26,1900-01-01 10:02:00,NO,RS,,"NY, SR",,,RS,,ST,SR,,RS,,ST,NY,,RS,,,TN,,RS,,,TK,,,602,602.0
47c9d73a-c5c0-4af3-8836-e3adafdaba13,2025-04-26,1900-01-01 10:04:00,NO,GR,NY,,SR,,GG,ST,,SR,,RS,,,"NY, ST",,RS,,,,,RS,,,,,red,604,604.0
66afd550-3844-4bfd-a438-34060860761e,2025-04-26,1900-01-01 10:06:00,Yes,GR,NY,,SR,,GG,ST,,SR,,RS,,,"NY, ST",,RS,,,,,RS,,,,,green,606,606.0
0181a339-fc8d-4842-87a3-414737b304ca,2025-04-26,1900-01-01 10:08:00,NO,GM,TN,,,,RS,,,SR,,RS,,,NY,,RS,,,,,GM,ST,,,,red,608,608.0
0424bdf7-4df0-43fe-8ac2-851f5851c1a7,2025-04-26,1900-01-01 10:10:00,Yes,GM,TN,,,,RS,,,SR,,RS,,,NY,,RS,,,,,GM,ST,,,,green,610,610.0
2686957b-823a-480a-a4ad-f54fed89bd62,2025-04-26,1900-01-01 10:12:00,NO,RL,,,"TK, TN",,RS,,,SR,,RS,,,NY,,GM,TN,,ST,,GM,TK,,ST,,,612,612.0
e8863c29-fa04-4922-b858-993795b6f402,2025-04-26,1900-01-01 10:14:00,NO,RS,,,NY,,RS,,,ST,,RS,,,,,GM,TN,,,,GM,TK,,,,,614,614.0
378e07c2-c491-4ea8-a4c1-9492789125c3,2025-04-26,1900-01-01 10:16:00,NO,RS,,,,,RS,,,TK,,RS,,TK,,,RS,,SR,NY,,M,,,,,,616,616.0
3803b78f-2cc9-4a72-9dc6-94c1072939b3,2025-04-26,1900-01-01 10:18:00,NO,RS,,,"TK, SR",,RS,,,"TK, SR",,RS,,TK,"NY, ST",,RS,,SR,NY,,M,,,,,,618,618.0
8912e979-bc0d-4c27-9aca-fa5b8fca2758,2025-04-26,1900-01-01 10:20:00,NO,RS,,,TN,,RS,,,,,RS,,,TN,,RL,,,,,RS,,,"SR, ST",,,620,620.0
5ad6aded-cd0e-48e3-9049-38752483ce96,2025-04-26,1900-01-01 10:22:00,NO,RS,,TN,SR,,RS,,,,,RS,,,"TN, ST",,RL,,,,,RS,,ST,SR,,red,622,622.0
4fd5ad27-7802-4ef7-a9e0-215f97fdb8f1,2025-04-26,1900-01-01 10:24:00,Yes,RS,,TN,SR,,RS,,,,,RS,,,"TN, ST",,RL,,,,,RS,,ST,SR,,green,624,624.0
7fcef454-c519-4172-af8b-7a9f0fd19e2d,2025-04-26,1900-01-01 10:26:00,Yes,RS,,TN,SR,,RS,,,,,RS,,,"TN, ST",,RL,,,,,RS,,ST,SR,,green,626,626.0
9e3b337b-fd4f-43dc-a9df-2cdd13b09827,2025-04-26,1900-01-01 10:28:00,NO,RS,,TN,SR,,RS,,,TK,,RS,,,"TN, ST",,RS,,,NY,,RS,,ST,SR,,red,628,628.0
32796116-f51c-45de-8710-5326c43ef3bb,2025-04-26,1900-01-01 10:30:00,Yes,RS,,TN,SR,,RS,,,TK,,RS,,,"TN, ST",,RS,,,NY,,RS,,ST,SR,,green,630,630.0
8f2c9315-9454-4d11-ab62-161b228c8c61,2025-04-26,1900-01-01 10:48:00,NO,RS,,,,,RS,,,SR,,RS,,,NY,,RS,,,,,RS,,,,,,648,647.0
93b6ddce-e267-43b0-a403-9403e93d1a07,2025-04-26,1900-01-01 10:50:00,NO,RS,,,"SR, NY",,RS,,,"ST, SR",,RS,,,"NY, ST",,RS,,,,,RS,,,,,,650,649.0
74efced0-7f8e-444b-8f38-65d1d8e37fc8,2025-04-26,1900-01-01 10:52:00,NO,M,,,NY,,M,,,ST,,RS,,,,,RS,,,,,RS,,,,,,652,651.0
180e9da8-26ed-402b-acc1-a99d37c23611,2025-04-26,1900-01-01 10:54:00,NO,RS,,,,,RS,,,,,RS,,,,,RS,,,,,RS,,,,,red,654,653.0
0115e78e-2e59-4a14-bd9a-924a804e7705,2025-04-26,1900-01-01 10:56:00,Yes,RS,,,,,RS,,,,,RS,,,,,RS,,,,,RS,,,,,green,656,655.0
d462fc0a-de9f-45d5-863a-f48263d5c663,2025-04-26,1900-01-01 10:58:00,NO,RS,,,,,RS,,,,,RS,,,,,RS,,,,,M,,,,,,658,657.0
ecd5f72b-1cdb-4be5-a385-a4cfa0269151,2025-04-26,1900-01-01 11:00:00,NO,RS,,,,,RS,,,,,RS,,,,,RS,,,,,RS,,,,,red,660,659.0
313f8bcb-916f-49df-ae70-6b7804649ffd,2025-04-26,1900-01-01 11:02:00,Yes,RS,,,,,RS,,,,,RS,,,,,RS,,,,,RS,,,,,green,662,661.0
e9d74f6d-1667-42d1-b97f-89dd647b021b,2025-04-26,1900-01-01 11:04:00,Yes,RS,,,,,RS,,,,,RS,,,,,RS,,,,,RS,,,,,green,664,663.0
86ef3fea-642f-4ae7-a64b-ae3de400f7c1,2025-04-26,1900-01-01 11:06:00,Yes,RS,,,,,RS,,,,,RS,,,,,RS,,,,,RS,,,,,green,666,665.0
218dceb1-11b8-48bd-8bd5-9ed8db7ed2ef,2025-04-26,1900-01-01 11:08:00,Yes,RS,,,,,RS,,,,,RS,,,,,RS,,,,,RS,,,,,green,668,667.0
107b007b-cdda-4630-b672-c255a7a2bf4e,2025-04-26,1900-01-01 11:10:00,NO,M,,,TN,,RS,,,,,RS,,,,,RS,,,,,RS,,,ST,,,670,669.0
499e8fee-b0c6-4d21-8171-74d63c8a5c39,2025-04-26,1900-01-01 11:12:00,NO,RS,,,,,RS,,,,,RS,,,,,RS,,,,,RS,,,,,,672,671.0
33a423cc-9c3b-46b5-af9d-ca2d462a3aa0,2025-04-26,1900-01-01 11:14:00,NO,RL,,,,,RS,,,,,RS,,,,,RS,,,,,RS,,,,,red,674,673.0
2d1604ce-219f-4add-bff7-c216cd4c2ffc,2025-04-26,1900-01-01 11:16:00,Yes,RL,,,,,RS,,,,,RS,,,,,RS,,,,,RS,,,,,green,676,675.0
b809e158-063a-412a-9664-ffd28839e00a,2025-04-26,1900-01-01 11:18:00,Yes,RL,,,,,RS,,,,,RS,,,,,RS,,,,,RS,,,,,green,678,677.0
6dfcdb72-0f04-4f3f-b900-e487148aeb04,2025-04-26,1900-01-01 11:20:00,Yes,RL,,,,,RS,,,,,RS,,,,,RS,,,,,RS,,,,,green,680,679.0
d971358d-b6b3-4634-ac64-b7520997e92a,2025-04-26,1900-01-01 11:22:00,Yes,RL,,,,,RS,,,,,RS,,,,,RS,,,,,RS,,,,,green,682,681.0
f1e2756e-3b8b-41fc-ae93-71b8f6548ab1,2025-04-26,1900-01-01 11:24:00,Yes,RL,,,,,RS,,,,,RS,,,,,RS,,,,,RS,,,,,green,684,683.0
d49a9256-d232-429e-a96e-110417cc9e53,2025-04-26,1900-01-01 11:26:00,NO,RL,,,,,RS,,,,,RS,,,,,RL,,,,,RS,,,,,red,686,685.0
8f9de8cf-2a02-420c-bf57-776bf9b7dda0,2025-04-26,1900-01-01 11:28:00,Yes,RL,,,,,RS,,,,,RS,,,,,RL,,,,,RS,,,,,green,688,687.0
e9491954-aadf-4b4f-93be-a1d8913dc972,2025-04-26,1900-01-01 11:30:00,Yes,RL,,,,,RS,,,,,RS,,,,,RL,,,,,RS,,,,,green,690,689.0
7bb81b71-f923-4f8b-a043-f13290b30c87,2025-04-26,1900-01-01 11:32:00,Yes,RL,,,,,RS,,,,,RS,,,,,RL,,,,,RS,,,,,green,692,691.0
042c07ff-ce05-4276-846e-3a029e8a01e0,2025-04-26,1900-01-01 11:34:00,Yes,RL,,,,,RS,,,,,RS,,,,,RL,,,,,RS,,,,,green,694,693.0
60e4134d-635f-48cc-97ef-7220127cbf24,2025-04-26,1900-01-01 11:36:00,Yes,RL,,,,,RS,,,,,RS,,,,,RL,,,,,RS,,,,,green,696,695.0
b7937c27-5d6e-4aa8-bb87-aebed47c3825,2025-04-26,1900-01-01 11:38:00,NO,RS,,,"NY, TN",,RS,,,ST,,M,,,,,RS,,,,,RS,,,ST,,,698,697.0
sdft,2025-04-26,1900-01-01 11:40:00,NO,RS,,,TN,,RS,,,,,GM,TK,,,,GM,NY,,,,RS,,,ST,,red,700,699.0
hrbgks,2025-04-26,1900-01-01 11:42:00,Yes,RS,,,TN,,RS,,,,,GM,TK,,,,GM,NY,,,,RS,,,ST,,green,702,701.0
hrbf,2025-04-26,1900-01-01 11:44:00,Yes,RS,,,TN,,RS,,,,,GM,TK,,,,GM,NY,,,,RS,,,ST,,green,704,703.0
2112e3f7-c6e1-48d6-9c9f-beca27c8a7d2,2025-04-26,1900-01-01 13:16:00,NO,E,,TN,,,E,,,,,RS,,,,,M,,,,,E,,ST,,,,796,795.0
da3b1df2-8881-46fe-90a7-608c63a441a0,2025-04-26,1900-01-01 13:18:00,NO,E,,TN,,,E,,,,,RS,,,,,E,,,,,E,,ST,,,red,798,797.0
1cf6559f-748b-4c6d-a755-b3f292f59c1f,2025-04-26,1900-01-01 13:20:00,Yes,E,,TN,,,E,,,,,RS,,,,,E,,,,,E,,ST,,,green,800,799.0
76507de2-ccf4-4838-8a16-f8e4bd938bcf,2025-04-26,1900-01-01 13:22:00,NO,E,,TN,,,E,,,TK,,RS,,,,,E,,,NY,,E,,ST,,,,802,801.0
f27f9c20-7ed5-4538-a747-9da0007185ae,2025-04-26,1900-01-01 13:24:00,NO,E,,TN,NY,,E,,,"TK, ST",,RS,,,,,E,,,NY,,E,,ST,NY,,,804,803.0
93a93d33-dc19-4e9b-8a54-9b5c699fd488,2025-04-26,1900-01-01 13:26:00,NO,E,,"TK, TN",NY,,E,,,"TK, ST, TN",,RS,,,,,E,,ST,"TN, NY",,E,,ST,"TK, NY",,,806,805.0
c60e261b-c45e-4992-8252-bc79ade2dbc8,2025-04-26,1900-01-01 13:28:00,NO,E,,TN,,,E,,,,,RS,,,,,E,,,,,E,,ST,,,red,808,807.0
f92827e6-2540-4876-95fe-04e44bb39c72,2025-04-26,1900-01-01 13:30:00,Yes,E,,TN,,,E,,,,,RS,,,,,E,,,,,E,,ST,,,green,810,809.0
4ef099fe-cab1-4fcb-bc23-eefcf8f8ce15,2025-04-26,1900-01-01 13:32:00,NO,E,,TN,NY,,E,,,"ST, TN",,RS,,,,,E,,,,,E,,ST,NY,,,812,811.0
12a23173-7b20-4b24-8b82-101617665a63,2025-04-26,1900-01-01 13:34:00,NO,E,,,,,E,,,TN,,RS,,,,,E,,,,,E,,,NY,,,814,813.0
29055592-716a-4c4c-8fce-f8c82272efd2,2025-04-26,1900-01-01 13:36:00,NO,E,,NY,,,E,,ST,,,RL,,,,,E,,,,,E,,,,,,816,815.0
756dc9cc-1586-495c-a11d-ad5397f831ba,2025-04-26,1900-01-01 13:38:00,NO,E,,,,,E,,,,,RL,,,,,E,,,,,E,,,,,,818,817.0
c4d8e6f4-4e78-42c1-bfe5-47ff1b6a7d3d,2025-04-26,1900-01-01 13:40:00,NO,E,,TN,,,E,,,,,RL,,,,,E,,,,,E,,ST,,,,820,819.0
2cf4e045-e5d5-4035-af2f-2ded8977aa8b,2025-04-26,1900-01-01 13:42:00,NO,E,,TN,,,E,,,TK,,RL,,,,,E,,,NY,,E,,ST,,,red,822,821.0
c7cfac88-3b94-4407-995a-f33d19b48496,2025-04-26,1900-01-01 13:44:00,Yes,E,,TN,,,E,,,TK,,RL,,,,,E,,,NY,,E,,ST,,,green,824,823.0
ebfd9eb8-68cf-40b8-8651-63794ff0b6a9,2025-04-26,1900-01-01 13:46:00,NO,E,,,TN,,RS,,,TK,,RS,,,,,RS,,,NY,,RS,,,ST,,,826,825.0
062fbd46-d7db-4b63-979d-2a82c1f7203b,2025-04-26,1900-01-01 13:48:00,NO,E,,,NY,,M,,,ST,,RS,,,,,RS,,,,,RS,,,,,,828,827.0
7ccb63c3-d8fd-488c-81c2-1f299f43bb2b,2025-04-26,1900-01-01 13:50:00,NO,E,,,,,RS,,,,,RS,,,,,RS,,,,,RS,,,,,,830,829.0
8bda6a55-a501-4f2e-a9cc-ce9f34ba5d50,2025-04-26,1900-01-01 13:52:00,NO,RS,,,,,M,,TK,SR,,M,,,"NY, TK",,M,,NY,SR,,M,,,,,,832,831.0
d126cbf3-9e73-405c-81cc-38020597ee9b,2025-04-26,1900-01-01 13:54:00,NO,RS,,TN,,,RS,,,,,M,,,,,RS,,,,,RS,,ST,,,,834,833.0
e53e75b4-8a3a-47a3-8284-ca02d8732446,2025-04-26,1900-01-01 13:56:00,NO,RS,,TN,SR,,M,,TK,,,RS,,TN,ST,,M,,NY,,,RS,,"ST, SR",,,,836,835.0
4371f0d0-5f61-48bb-86da-00ed80301b66,2025-04-26,1900-01-01 13:58:00,NO,M,,,,,GM,TK,,,,M,,,,,GM,NY,,,,RS,,,,,,838,837.0
7b120c97-6604-4893-80f7-f92a1bea32ef,2025-04-26,1900-01-01 14:00:00,NO,RS,,,,,GR,TK,,,,RS,,,,,GG,NY,,,,RS,,,,,,840,839.0
1a8b7496-dd75-4dbd-baca-e306d923edbc,2025-04-26,1900-01-01 14:02:00,NO,RS,,SR,,,GR,TK,,,,RS,,ST,,,GG,NY,,,,RS,,,,,,842,841.0
e1cac586-297d-4caa-a180-c27ff454dab5,2025-04-26,1900-01-01 14:04:00,NO,RS,,,"SR, TN",,M,,TK,,,RS,,,"ST, TN",,M,,NY,,,RS,,,"ST, SR",,,844,843.0
163ca79c-54d7-4c86-9c7a-46377681fbd2,2025-04-26,1900-01-01 14:06:00,NO,RS,,,TN,,RS,,,,,RS,,,,,RS,,,,,E,,,ST,,red,846,845.0
5a328fe3-4db1-4dec-b5be-c7e9fd501d5b,2025-04-26,1900-01-01 14:08:00,Yes,RS,,,TN,,RS,,,,,RS,,,,,RS,,,,,E,,,ST,,green,848,847.0
5c151b68-1760-4c3c-8d7c-51717db9d7a8,2025-04-26,1900-01-01 14:10:00,Yes,RS,,,TN,,RS,,,,,RS,,,,,RS,,,,,E,,,ST,,green,850,849.0
0e39e616-babe-4222-b7fd-c2968789bc0b,2025-04-26,1900-01-01 14:12:00,NO,M,,,TK,,RS,,,,,RL,,,,,M,,,ST,,RS,,,,,,852,851.0
6ff9ff4b-61d0-4af5-9d1a-7b2c8cf9abc9,2025-04-26,1900-01-01 14:14:00,NO,RS,,,"TN, TK",,RS,,,SR,,RL,,,NY,,GM,TN,,ST,,GM,TK,,ST,,,854,853.0
ddfbbbc1-c2d3-4fd7-a129-0ecb36a76977,2025-04-26,1900-01-01 14:16:00,NO,RS,,,"TN, TK",,RS,,,SR,,RL,,,NY,,RS,,,"ST, TN",,RS,,,"ST, TK",,,856,855.0
3c7e0225-e298-4c0a-9975-35aeadac924c,2025-04-26,1900-01-01 14:18:00,NO,RS,,,TN,,RS,,,SR,,RL,,,NY,,RS,,,,,RS,,,ST,,,858,857.0
6e1a24c2-4fec-466f-a606-28fbc14ebc87,2025-04-26,1900-01-01 14:21:00,NO,SD,,,TN,,M,,,,,RL,,,,,RS,,,,,RS,,,ST,,,861,861.0
4c794808-ab5c-4926-872e-d702dc914a78,2025-04-26,1900-01-01 14:22:00,NO,SD,,,TN,,RS,,,,,RL,,,,,RS,,,,,RS,,,ST,,red,862,863.0
201d2443-25f7-40c4-be59-aa2d8c31398c,2025-04-26,1900-01-01 14:24:00,Yes,SD,,,TN,,RS,,,,,RL,,,,,RS,,,,,RS,,,ST,,green,864,865.0
75a96dda-ea0a-400b-8249-6a6aa2fe0758,2025-04-26,1900-01-01 14:26:00,Yes,SD,,,TN,,RS,,,,,RL,,,,,RS,,,,,RS,,,ST,,green,866,867.0
d9a39825-79f3-4cc8-a005-4a0d909b8be4,2025-04-26,1900-01-01 14:28:00,NO,RS,,,TN,,RS,,,,,RL,,,,,RS,,,,,RS,,,ST,,red,868,869.0
ac50deb5-be2d-4cc4-a5b8-83cda22184b2,2025-04-26,1900-01-01 14:30:00,Yes,RS,,,TN,,RS,,,,,RL,,,,,RS,,,,,RS,,,ST,,green,870,871.0
e2a5cd8e-37ac-4544-aaa4-ba52782b1e9f,2025-04-26,1900-01-01 14:32:00,Yes,RS,,,TN,,RS,,,,,RL,,,,,RS,,,,,RS,,,ST,,green,872,873.0
ec4f628b-2dfe-4195-9582-2fc5b1735efd,2025-04-26,1900-01-01 14:34:00,Yes,RS,,,TN,,RS,,,,,RL,,,,,RS,,,,,RS,,,ST,,green,874,875.0
ce31fcc4-fbd1-41a8-b934-af74d33cb322,2025-04-26,1900-01-01 14:36:00,NO,RS,,,TN,,RS,,,,,RL,,,TK,,RS,,,SR,,RS,,,ST,,red,876,877.0
ed1b5350-addd-4a2e-846a-add38d7cf09f,2025-04-26,1900-01-01 14:38:00,Yes,RS,,,TN,,RS,,,,,RL,,,TK,,RS,,,SR,,RS,,,ST,,green,878,879.0
975cb5b9-842f-422f-bb3a-87ed7fa244e0,2025-04-26,1900-01-01 14:40:00,Yes,RS,,,TN,,RS,,,,,RL,,,TK,,RS,,,SR,,RS,,,ST,,green,880,881.0
df3398fe-5886-4849-b1f1-2606d11ad083,2025-04-26,1900-01-01 14:42:00,Yes,RS,,,TN,,RS,,,,,RL,,,TK,,RS,,,SR,,RS,,,ST,,green,882,883.0
4ae6bde2-d4ed-4aa6-8c74-3fefbab9298a,2025-04-26,1900-01-01 14:44:00,Yes,RS,,,TN,,RS,,,,,RL,,,TK,,RS,,,SR,,RS,,,ST,,green,884,885.0
79c19a39-bda2-4395-8c1a-84d9df609d78,2025-04-26,1900-01-01 14:46:00,Yes,RS,,,TN,,RS,,,,,RL,,,TK,,RS,,,SR,,RS,,,ST,,green,886,
beac7f7f-0af4-4beb-9633-5cd17ba7fefa,2025-04-27,1900-01-01 09:33:00,NO,M,,,"NY, TK, SR, TN",,M,,,"SR, TK, ST, TN",,M,,,"TK, TN, ST, NY",,M,,,"NY, ST, TN, SR",,M,,,"NY, TK, ST, SR",Everyone is fighting each other,,573,572.0
2b4be5e0-ed79-4c34-82e6-956f49df4c0c,2025-04-27,1900-01-01 09:35:00,NO,M,,,"NY, TK, SR, TN",,M,,,"SR, TK, ST, TN",,M,,,"TK, TN, ST, NY",,M,,,"NY, ST, TN, SR",,M,,,"NY, TK, ST, SR",,,575,574.0
8a5ea301-d4e1-4b70-b370-071a09790b1c,2025-04-27,1900-01-01 09:37:00,NO,RS,,SR,,,RS,,,,,RS,,ST,,,RS,,,,,RS,,,,,,577,576.0
3d33923c-68e3-4069-8ab6-fec528994395,2025-04-27,1900-01-01 09:39:00,NO,RS,,,,,RS,,,,,RS,,,,,RS,,,,,RS,,,,,red,579,578.0
26dba333-1fd4-4dcf-ab5e-ea373282ab8b,2025-04-27,1900-01-01 09:41:00,Yes,RS,,,,,RS,,,,,RS,,,,,RS,,,,,RS,,,,,green,581,580.0
2dc68252-fffe-40d2-beba-370d3da4338e,2025-04-27,1900-01-01 09:43:00,Yes,RS,,,,,RS,,,,,RS,,,,,RS,,,,,RS,,,,,green,583,582.0
53821ae4-3042-4348-9f34-fab94aed741a,2025-04-27,1900-01-01 09:45:00,NO,RS,,,NY,,RS,,,ST,,RS,,,,,RS,,,,,RS,,,,,,585,584.0
2511eabc-08c4-435f-ac2e-9e959c90d933,2025-04-27,1900-01-01 09:47:00,NO,RS,,,TN,,RS,,,,,RS,,,,,RS,,,,,RS,,,ST,,,587,586.0
ea431d1c-f9fd-464b-99c7-54ad58f0cfa7,2025-04-27,1900-01-01 09:49:00,NO,RS,,TK,,,RS,,,SR,,RS,,,NY,,RS,,ST,,,RS,,,,,,589,588.0
ef003045-58cc-4160-8b4b-7e96b37f2250,2025-04-27,1900-01-01 09:52:00,NO,GM,TK,,,,RS,,,SR,,RS,,,NY,,GM,ST,,,,RS,,,,,red,592,592.0
5ee62cbe-5706-4a67-bc71-f3204959d665,2025-04-27,1900-01-01 09:53:00,Yes,GM,TK,,,,RS,,,SR,,RS,,,NY,,GM,ST,,,,RS,,,,,green,593,594.0
3edfa326-3168-4c86-965b-fc26687a4c0d,2025-04-27,1900-01-01 09:55:00,NO,RS,,,,,RS,,,SR,,RS,,,NY,,RS,,,,,RS,,,,,,595,596.0
39a2e465-7e07-4c8a-81f6-95db2973472f,2025-04-27,1900-01-01 09:57:00,NO,RS,,,,,RS,,,,,RS,,,TK,,RS,,,SR,,RS,,,,,,597,598.0
ab5014f6-f377-46fe-a5d2-6aa0a70ae45c,2025-04-27,1900-01-01 09:59:00,NO,RS,,,,,RS,,,,,RS,TK,,,,RS,SR,,,,RS,,,,,,599,600.0
cec220af-8777-417d-91e3-83bfb0c54526,2025-04-27,1900-01-01 10:01:00,NO,RS,,,,,RS,,,,,RL,,,"TN, TK",,RS,,,"SR, TN",,RS,,,"SR, TK",,red,601,602.0
e994a13a-09ac-49ef-bd6d-ed906bab8d77,2025-04-27,1900-01-01 10:03:00,Yes,RS,,,,,RS,,,,,RL,,,"TN, TK",,RS,,,"SR, TN",,RS,,,"SR, TK",,green,603,604.0
9c5352ee-da02-488e-a4c5-05e7ef7373aa,2025-04-27,1900-01-01 10:05:00,NO,RS,,,"TK, SR, TN",,RS,,,,,RL,,,"TK, TN, ST",,RS,,,"ST, TN, SR",,RS,,,"TK, ST, SR",,red,605,606.0
95760655-a5da-4552-beba-6e7bec3e15cb,2025-04-27,1900-01-01 10:07:00,Yes,RS,,,"TK, SR, TN",,RS,,,,,RL,,,"TK, TN, ST",,RS,,,"ST, TN, SR",,RS,,,"TK, ST, SR",,green,607,608.0
7a10b8ee-3b42-4239-8214-0aa2bc888d56,2025-04-27,1900-01-01 10:09:00,Yes,RS,,,"TK, SR, TN",,RS,,,,,RL,,,"TK, TN, ST",,RS,,,"ST, TN, SR",,RS,,,"TK, ST, SR",,green,609,610.0
7ded1b2e-26e2-423e-b98b-b08265666680,2025-04-27,1900-01-01 10:11:00,NO,RS,,,,,RS,,,,,RS,,,TN,,M,,,,,RS,,,SR,,,611,612.0
f4d05677-8a2d-429e-b2e2-32fa0ec0d7e6,2025-04-27,1900-01-01 10:13:00,NO,RS,,,,,RS,,,,,RS,,,,,RS,,,,,RS,,,,,,613,614.0
e278a1e1-8d6c-4b25-aefc-f793a7314fd8,2025-04-27,1900-01-01 10:15:00,NO,RS,,,,,RS,,,,,RS,,,,,RS,,,TN,,RS,,,TK,,red,615,616.0
0f9accb3-da38-4322-bebc-145039c63661,2025-04-27,1900-01-01 10:17:00,Yes,RS,,,,,RS,,,,,RS,,,,,RS,,,TN,,RS,,,TK,,green,617,618.0
b35be84b-5616-4ea7-87e5-8f63fe704575,2025-04-27,1900-01-01 10:19:00,NO,RS,,,NY,,RS,,,ST,,RS,,,,,RS,,,TN,,RS,,,TK,,,619,620.0
bcb80bd1-9594-4362-89f6-1141f44fbd6e,2025-04-27,1900-01-01 10:22:00,NO,RS,,,"NY, TK",,RS,,,"TK, ST",,RS,,,,,M,,,"ST, NY",,RS,,,,,,622,622.0
91ff1e85-5b81-43c6-9cf2-0711d33e651d,2025-04-27,1900-01-01 10:23:00,NO,RL,,NY,TK,,RL,,ST,TK,,RS,,,,,RS,,,"NY, ST",,RS,,,,,red,623,624.0
8496b1f1-7bc5-4ae7-8267-bf35e1ee77ca,2025-04-27,1900-01-01 10:25:00,Yes,RL,,NY,TK,,RL,,ST,TK,,RS,,,,,RS,,,"NY, ST",,RS,,,,,green,625,626.0
88d77e21-6a98-4278-bf52-2c588bb1491c,2025-04-27,1900-01-01 10:27:00,Yes,RL,,NY,TK,,RL,,ST,TK,,RS,,,,,RS,,,"NY, ST",,RS,,,,,green,627,628.0
7bd65fb7-1a0f-44d4-8865-6a714fc12f0e,2025-04-27,1900-01-01 10:29:00,Yes,RL,,NY,TK,,RL,,ST,TK,,RS,,,,,RS,,,"NY, ST",,RS,,,,,green,629,630.0
7c3bbda6-d368-4977-95dc-d23077db330d,2025-04-27,1900-01-01 10:31:00,Yes,RL,,NY,TK,,RL,,ST,TK,,RS,,,,,RS,,,"NY, ST",,RS,,,,,green,631,
6565117a-c9a1-4f13-b5f7-a217a7d3c56b,2025-04-27,1900-01-01 10:46:00,NO,RS,,,,,M,,,,,M,,,,,GM,TN,,,,GM,TK,,,,,646,645.0
de4a8b95-89b7-459a-9a6e-acd6b1d01886,2025-04-27,1900-01-01 10:47:00,NO,RS,,,"NY, SR",,RS,,,"ST, SR",,RS,,,"TK, TN, NY, ST",,GM,TN,,SR,,GM,TK,,SR,,,647,647.0
6ea81801-ebbd-47af-9d9b-daa552ca3b77,2025-04-27,1900-01-01 10:49:00,NO,M,,,"NY, TK, SR, TN",,M,,,"SR, TK, ST, TN",,RS,,,"TN, ST, NY, TK",,M,,,"NY, ST, TN, SR",,M,,,"NY, TK, ST, SR",,,649,649.0
ab7873bd-9a6f-45ad-a4de-f46d0e3a069a,2025-04-27,1900-01-01 10:51:00,NO,RS,,,NY,,M,,,ST,,RS,,,,,M,,TN,,,M,,TK,,,,651,651.0
ab48d15f-3b0e-4389-8513-1bf52751d4b3,2025-04-27,1900-01-01 10:54:00,NO,M,,,SR,,M,,,,,RS,,,ST,,GM,TN,,,,GM,TK,,,,,654,653.0
68a9273a-0adf-4d5c-818f-e9dbb4a17271,2025-04-27,1900-01-01 10:56:00,NO,RS,,,,,RS,,,,,RS,,,"TN, TK",,PL,TN,,SR,,PL,TK,,SR,,red,656,655.0
10bbb36f-2d05-4dcf-bcfa-1b7518c99f90,2025-04-27,1900-01-01 10:57:00,Yes,RS,,,,,RS,,,,,RS,,,"TN, TK",,PL,TN,,SR,,PL,TK,,SR,,green,657,657.0
b341a049-072f-4ce7-b2ba-d64a2fc610d7,2025-04-27,1900-01-01 10:59:00,NO,RS,,,,,RS,,,,,RS,,,"TN, TK",,GM,TN,,SR,,GM,TK,,SR,,red,659,659.0
41cbcae4-2361-4338-9252-ef92740395d5,2025-04-27,1900-01-01 11:01:00,Yes,RS,,,,,RS,,,,,RS,,,"TN, TK",,GM,TN,,SR,,GM,TK,,SR,,green,661,661.0
6581e520-3178-4cab-8e22-39b1b18ab747,2025-04-27,1900-01-01 11:03:00,NO,RS,,,,,RS,,,,,RS,,,TN,,RS,,,TN,,RS,,,"TK, SR",,red,663,663.0
df624d0d-194b-45f8-aec8-5813061b8359,2025-04-27,1900-01-01 11:05:00,Yes,RS,,,,,RS,,,,,RS,,,TN,,RS,,,TN,,RS,,,"TK, SR",,green,665,665.0
d953d91b-932b-4f46-b094-0e8c4f341ff2,2025-04-27,1900-01-01 11:08:00,Yes,RS,,,,,RS,,,,,RS,,,TN,,RS,,,TN,,RS,,,"TK, SR",,green,668,667.0
51be1d1b-8893-4c6c-8f7a-63bcd642fde7,2025-04-27,1900-01-01 11:09:00,Yes,RS,,,,,RS,,,,,RS,,,TN,,RS,,,TN,,RS,,,"TK, SR",,green,669,669.0
3a0d63e1-3a31-4a2d-95bb-7a73f1d35be0,2025-04-27,1900-01-01 11:11:00,Yes,RS,,,,,RS,,,,,RS,,,TN,,RS,,,TN,,RS,,,"TK, SR",,green,671,671.0
82f39c00-4319-4a40-8fe5-d93a73c87b03,2025-04-27,1900-01-01 11:13:00,Yes,RS,,,,,RS,,,,,RS,,,TN,,RS,,,TN,,RS,,,"TK, SR",,green,673,673.0
a2851418-94bb-48cf-ad77-17b34837de87,2025-04-27,1900-01-01 11:15:00,NO,RS,,,,,RS,,,,,RS,,,"TK, TN",,RS,,,"TN, SR",,RS,,,"SR, TK",,,675,675.0
d513ba73-02cb-483f-bb96-1942b3101d86,2025-04-27,1900-01-01 11:18:00,NO,RS,,,,,RS,,,,,RS,,TN,TK,,RS,,,"TN, SR",,RS,,SR,TK,,,678,677.0
1b461c3b-5c58-4e9d-b57f-016b32dd9434,2025-04-27,1900-01-01 11:19:00,NO,RS,,,,,RS,,,,,RS,,,,,RS,,,TN,,RS,,,TK,,,679,679.0
61cebe97-4cfc-4c2b-9f43-beedf6676213,2025-04-27,1900-01-01 11:21:00,NO,RS,,SR,,,RS,,,,,RS,,ST,,,RS,,,TN,,RS,,,TK,,,681,681.0
1aad758b-9062-4f8c-91b3-48c78d4405c2,2025-04-27,1900-01-01 11:23:00,NO,M,,SR,,,RS,,,,,M,,ST,,,RS,,,TN,,RS,,,TK,,,683,683.0
963d15d6-5284-4792-a765-31a50b936d69,2025-04-27,1900-01-01 11:26:00,NO,RS,,,"NY, SR, TN",,RS,,,"SR, ST, TN",,RS,,,"TN, ST, NY",,RS,,,,,RS,,,"NY, ST, SR",,,686,685.0
a38950c1-d40d-449a-8fdb-123903b7139b,2025-04-27,1900-01-01 11:27:00,NO,RS,,,TN,,E,,,,,RS,,,,,RS,,,,,RS,,,ST,,red,687,687.0
e756327e-ef7f-4c68-9083-f0ea96cb54ad,2025-04-27,1900-01-01 11:29:00,Yes,RS,,,TN,,E,,,,,RS,,,,,RS,,,,,RS,,,ST,,green,689,689.0
b05f6e32-ac1e-4843-9d14-ffc231111fc5,2025-04-27,1900-01-01 11:32:00,NO,M,,"TN, SR",,,RS,,,,,RS,,,"TN, ST",,RS,,,,,RS,,,"ST, SR",,red,692,691.0
cf15b754-b8bb-4e6f-97df-57af8cf1a9d8,2025-04-27,1900-01-01 11:34:00,Yes,M,,"TN, SR",,,RS,,,,,RS,,,"TN, ST",,RS,,,,,RS,,,"ST, SR",,green,694,693.0
0f864ac6-2063-4c89-a616-0e6f2ee24e34,2025-04-27,1900-01-01 11:35:00,NO,RS,,,"TN, SR",,RS,,,TK,,RS,,,"ST, TN",,RS,,,NY,,RS,,,"SR, ST",,,695,695.0
7aa59931-6cee-4167-a5f9-7a6ff5f5dca1,2025-04-27,1900-01-01 11:38:00,NO,RS,,SR,TN,,RS,,,TK,,RS,,ST,TN,,RS,,,NY,,RS,,,"ST, SR",,,698,697.0
aefa06cc-2982-486e-b844-99b3162d0f08,2025-04-27,1900-01-01 11:40:00,NO,GG,SR,TN,,,RS,,,TK,,GR,ST,TN,,,RS,,,NY,,RS,,"ST, SR",,,red,700,699.0
e44acb0c-c3fd-401c-9569-5478d8d306f6,2025-04-27,1900-01-01 11:41:00,Yes,GG,SR,TN,,,RS,,,TK,,GR,ST,TN,,,RS,,,NY,,RS,,"ST, SR",,,green,701,701.0
ea1d4464-0fbc-4bc4-9525-559fe40d283e,2025-04-27,1900-01-01 11:43:00,NO,PL,SR,TN,,,RS,,TK,,,PL,ST,TN,,,RS,,NY,,,RS,,"SR, ST",,,red,703,703.0
beb9c314-c22a-42ca-9e7f-d08aa010e270,2025-04-27,1900-01-01 11:45:00,Yes,PL,SR,TN,,,RS,,TK,,,PL,ST,TN,,,RS,,NY,,,RS,,"SR, ST",,,green,705,705.0
e71faa68-82e3-4141-8d86-77a9bd07293d,2025-04-27,1900-01-01 13:18:00,NO,E,,,TK,,RS,,,,,RS,,,,,E,,,ST,,E,,,,,,798,797.0
f7e872d1-15b5-48ae-83e6-a5b36fa0fc63,2025-04-27,1900-01-01 13:20:00,NO,E,,,,,E,,,,,RS,,,,,E,,,,,E,,,,,red,800,799.0
22a4cd44-702c-4f48-b32c-12f0e3c45451,2025-04-27,1900-01-01 13:22:00,Yes,E,,,,,E,,,,,RS,,,,,E,,,,,E,,,,,green,802,801.0
a676880c-2e4b-4b7a-b6fa-889c2abf6289,2025-04-27,1900-01-01 13:24:00,NO,E,,TN,,,RS,,SR,TK,,RS,,NY,TK,,RS,,,"NY, SR",,E,,ST,,,,804,803.0
1cb5387b-e603-4316-9396-bcf52f9fae7f,2025-04-27,1900-01-01 13:26:00,NO,E,,TN,,,E,,,,,RS,,,,,RS,,,,,E,,ST,,,,806,805.0
7127aab8-131a-4a44-bfc6-225db752d376,2025-04-27,1900-01-01 13:28:00,NO,E,,TN,NY,,E,,,ST,,RS,,,,,RS,,,,,E,ST,,,,,808,807.0
d4b2ffb7-f5f1-4ed8-b326-248ef55a43be,2025-04-27,1900-01-01 13:30:00,NO,E,,TN,NY,,E,,,"ST, TN",,RS,,,,,RS,,,,,E,,ST,NY,,,810,809.0
6d32728a-e5d2-436d-84fc-656754e06d40,2025-04-27,1900-01-01 13:32:00,NO,E,,,TN,,RS,,,TK,,RS,,,,,RS,,,NY,,E,,,ST,,,812,811.0
229c802a-286b-423a-bcf9-0560f0830bae,2025-04-27,1900-01-01 13:34:00,NO,RS,,,NY,,RS,,,ST,,RS,,,,,RS,,,TN,,E,,,TK,,,814,813.0
ef54092d-bf4c-4067-b151-dd73984d66f9,2025-04-27,1900-01-01 13:36:00,NO,M,,,,,RS,,,,,RS,,,,,E,,,TN,,E,,,TK,,,816,815.0
d2aff002-ed82-4eec-8d83-ade73c92d729,2025-04-27,1900-01-01 13:38:00,NO,RS,,TN,,,RS,,,TK,,RS,,,,,RS,,,NY,,RS,,ST,,,,818,817.0
94b48449-8394-4c01-b8fe-073ca8ae6933,2025-04-27,1900-01-01 13:40:00,NO,E,,TN,,,RS,,,,,RS,,,,,RS,,,,,RS,,ST,,,red,820,819.0
9debd83b-3cf8-449f-bd5a-f09dd0a211e2,2025-04-27,1900-01-01 13:42:00,Yes,E,,TN,,,RS,,,,,RS,,,,,RS,,,,,RS,,ST,,,green,822,821.0
4a1a1dea-e39b-43fd-9bed-2e98b67145a6,2025-04-27,1900-01-01 13:44:00,Yes,E,,TN,,,RS,,,,,RS,,,,,RS,,,,,RS,,ST,,,green,824,823.0
c33e279f-16c8-4f57-b0b2-d0bd585a13fb,2025-04-27,1900-01-01 13:46:00,NO,E,,,TN,,RS,,,,,RS,,,,,RS,,,,,RS,,,ST,,red,826,825.0
3020c2c7-4e68-42ff-95a4-45b7cef0f6c3,2025-04-27,1900-01-01 13:48:00,Yes,E,,,TN,,RS,,,,,RS,,,,,RS,,,,,RS,,,ST,,green,828,827.0
c1420733-bd19-4a4f-87ec-fe99e6bb7574,2025-04-27,1900-01-01 13:50:00,Yes,E,,,TN,,RS,,,,,RS,,,,,RS,,,,,RS,,,ST,,green,830,829.0
5d022649-fb8b-404e-b906-c5eaaf827a8f,2025-04-27,1900-01-01 13:52:00,Yes,E,,,TN,,RS,,,,,RS,,,,,RS,,,,,RS,,,ST,,green,832,831.0
f6f733f5-ebaa-4763-8a5b-a6aacdb9acca,2025-04-27,1900-01-01 13:54:00,Yes,E,,,TN,,RS,,,,,RS,,,,,RS,,,,,RS,,,ST,,green,834,833.0
9d78ff50-33e2-4c5f-96b8-5f56f5d9a194,2025-04-27,1900-01-01 13:56:00,NO,RS,,TN,,,RS,,,SR,,RS,,,NY,,RS,,,,,RS,,ST,,,,836,835.0
e0119a0d-3314-469c-b470-16c33c53b681,2025-04-27,1900-01-01 13:58:00,NO,RS,,TN,,,RS,,,SR,,RS,,,NY,,RL,,,,,RS,,ST,,,red,838,837.0
b20bca0a-be88-48a5-8bd4-aa645aae5761,2025-04-27,1900-01-01 14:00:00,Yes,RS,,TN,,,RS,,,SR,,RS,,,NY,,RL,,,,,RS,,ST,,,green,840,839.0
ff063f5a-584a-4731-b7b2-30c61e0f9a88,2025-04-27,1900-01-01 14:02:00,NO,RS,,,TN,,RS,,,SR,,RS,,,NY,,RS,,,,,RS,,,ST,,red,842,841.0
5f3bc355-63a3-4562-9d42-c2156bf1f248,2025-04-27,1900-01-01 14:04:00,Yes,RS,,,TN,,RS,,,SR,,RS,,,NY,,RS,,,,,RS,,,ST,,green,844,843.0
5303bf9f-0900-40e9-abcd-d12e920fc2c1,2025-04-27,1900-01-01 14:06:00,NO,RS,,,,,M,,,,,RS,,,,,M,,,,,M,,,,,,846,845.0
e6a11e97-6f63-41e6-b257-a73b3c8b5b69,2025-04-27,1900-01-01 14:08:00,NO,RL,,TN,,,RS,,,TK,,RS,,,,,RS,,,NY,,RS,,ST,,,red,848,847.0
e7cf2e10-5d20-4145-8844-955ce9f7d1ce,2025-04-27,1900-01-01 14:10:00,Yes,RL,,TN,,,RS,,,TK,,RS,,,,,RS,,,NY,,RS,,ST,,,green,850,849.0
ef129a36-d8fb-4741-9a47-f940452b02ea,2025-04-27,1900-01-01 14:12:00,NO,M,,,TN,,M,,,TK,,RS,,,,,M,,,NY,,RS,,,ST,,,852,851.0
40aa7be7-6d29-459c-a6cb-fa43817980c2,2025-04-27,1900-01-01 14:14:00,NO,M,,,,,M,,,,,RS,,,,,M,,,,,RS,,,,,,854,853.0
4c622837-f3e8-4689-b106-8eb4d4c4dd34,2025-04-27,1900-01-01 14:16:00,NO,M,,TK,,,RS,,,,,RS,,,,,M,,ST,,,RS,,,,,,856,855.0
dad91894-4a8a-4620-8d7c-b1fa0e3f8f97,2025-04-27,1900-01-01 14:18:00,NO,M,,TK,,,RS,,,SR,,RS,,,NY,,M,,ST,,,RS,,,,,,858,857.0
d7674044-93c1-472b-9e50-4132184e24b4,2025-04-27,1900-01-01 14:20:00,NO,PL,TK,,SR,,RS,,,SR,,RS,,,NY,,PL,ST,,,,RS,,,,,,860,859.0
842baca4-c8cc-471b-bd6c-c8d207641154,2025-04-27,1900-01-01 14:22:00,NO,PL,TK,,"NY, SR",,RS,,,"TK, ST",,RS,,,"ST, TK",,PL,ST,,"NY, SR",,RS,,,,,,862,861.0
927fbf74-39a0-48f8-8bf1-03069e4bf12b,2025-04-27,1900-01-01 14:24:00,NO,RS,,,,,M,,,TN,,RS,,,,,RS,,,,,M,,,NY,,,864,863.0
5c8b3cb7-c533-4bd4-992b-12839873def0,2025-04-27,1900-01-01 14:26:00,NO,M,,,"SR, TN",,M,,,,,M,,,"ST, TN",,RS,,,,,M,,,"ST, SR",,,866,865.0
13166bc6-b277-4d12-a921-571ad5f1bd7b,2025-04-27,1900-01-01 14:28:00,NO,RS,,,"SR, TN",,RS,,,,,RS,,TN,ST,,RS,,,,,RS,,SR,ST,,,868,867.0
0cad2709-f779-4cb2-be86-7a1761c38789,2025-04-27,1900-01-01 14:30:00,NO,RS,,SR,TN,,RS,,,,,RS,,ST,TN,,RS,,,,,RS,,,"ST, SR",,,870,869.0
e8cf95af-ba04-483b-89fd-bb5b440054bc,2025-04-27,1900-01-01 14:32:00,NO,GR,TK,TN,,,RS,,,,,RS,,,,,GG,ST,TN,,,RS,,"ST, TK",,,,872,871.0
68081923-fd86-49f5-800b-3fda31695a0d,2025-04-27,1900-01-01 14:34:00,NO,GR,TK,,TN,,RS,,,,,RS,,,,,GG,ST,,TN,,RS,,,"ST, TK",,,874,873.0
d6882217-ec04-4660-a8e0-3709d3f6e362,2025-04-27,1900-01-01 14:36:00,NO,GR,TN,,,,SD,,,SR,,RS,,,NY,,RS,,,,,GG,ST,,,,red,876,875.0
27906a4d-8272-4778-924b-5645d15abfe8,2025-04-27,1900-01-01 14:38:00,Yes,GR,TN,,,,SD,,,SR,,RS,,,NY,,RS,,,,,GG,ST,,,,green,878,877.0
ad0c3bed-2bed-4e41-b125-2d05adabaaaf,2025-04-27,1900-01-01 14:40:00,NO,RS,,TN,,,GG,SR,,,,GR,NY,,,,RS,,,,,RS,,ST,,,red,880,879.0
e64bb37b-8c75-4c1f-b93b-65c2ca026ad9,2025-04-27,1900-01-01 14:42:00,Yes,RS,,TN,,,GG,SR,,,,GR,NY,,,,RS,,,,,RS,,ST,,,green,882,881.0
12d4c1c7-c04d-439f-a609-0e7442365ed0,2025-04-27,1900-01-01 14:44:00,Yes,RS,,TN,,,GG,SR,,,,GR,NY,,,,RS,,,,,RS,,ST,,,green,884,883.0
0e52b2bb-7e61-4ab4-8d1c-ed35947df0e5,2025-04-27,1900-01-01 14:46:00,Yes,RS,,TN,,,GG,SR,,,,GR,NY,,,,RS,,,,,RS,,ST,,,green,886,885.0
6ab64b4a-b91e-4694-b54c-66efae0523d5,2025-05-04,1900-01-01 09:29:00,NO,E,,,,,E,,,,,RS,,,,,E,,,,,,,,,,,569,570.0
df363886-47b0-49af-9995-05e638e621b3,2025-05-04,1900-01-01 09:35:00,NO,E,,,,,E,,,,,M,,TK,,,M,,SR,,,,,,,,,575,574.0
021a58c9-bc08-4faf-96e8-92c855232b69,2025-05-04,1900-01-01 09:37:00,NO,E,,"TK, NY",,,M,,"TK, ST",,,RS,,,,,M,,"ST, NY",,,,,,,,,577,576.0
b6c536e1-7007-4436-aca5-81e6bfd3ab26,2025-05-04,1900-01-01 09:40:00,NO,M,,TK,,,E,,,,,RS,,,,,M,,ST,,,,,,,,,580,580.0
1000dc48-1a56-4dca-be34-9c329fb4ce14,2025-05-04,1900-01-01 09:41:00,NO,M,,,,,E,,,,,RS,,,,,E,,,,,,,,,,,581,582.0
bdce9b6f-3b48-4a83-8d8e-87c33d876e06,2025-05-04,1900-01-01 09:43:00,NO,E,,,,,RS,,,,,RS,,,,,E,,,,,,,,,,,583,584.0
8e9e96ff-b306-4ae4-b6ba-6e21a214fd1a,2025-05-04,1900-01-01 09:46:00,NO,E,,,,,E,,,,,RS,,,,,E,,,,,,,,,,,586,586.0
a9e2ece0-03e7-4fe6-a3c8-fcd46c01e725,2025-05-04,1900-01-01 09:47:00,NO,E,,,,,E,,TK,,,RS,,,,,RS,,NY,,,,,,,,,587,588.0
ae2c3b73-d5bf-4ac9-a58e-cf98b587f36c,2025-05-04,1900-01-01 09:49:00,NO,E,,,,,E,,,TK,,RS,,,,,E,,,NY,,,,,,,,589,590.0
3d9e808a-ab18-425e-813c-0f1f194ab63c,2025-05-04,1900-01-01 09:51:00,NO,E,,,,,E,,,,,RS,,,,,RS,,,,,,,,,,,591,592.0
e5ab7e41-5bf3-49cd-a462-a62546a6ef71,2025-05-04,1900-01-01 09:53:00,NO,M,,TK,,,E,,,,,RS,,,,,M,,ST,,,,,,,,,593,594.0
f952a4ca-e09b-43c9-8f5b-8a1929aa4d21,2025-05-04,1900-01-01 09:56:00,NO,E,,,,,E,,,,,RS,,,,,E,,,,,,,,,,,596,596.0
a078406b-ba4d-4d0c-8a58-deba22c2df4e,2025-05-04,1900-01-01 09:57:00,NO,RS,,,,,E,,,,,M,,,,,RS,,,,,,,,,,,597,598.0
8a641f6c-a530-4d7b-b042-f67929307ef0,2025-05-04,1900-01-01 10:00:00,NO,RS,,,,,M,,,,,RS,,,,,RS,,,,,,,,,,,600,600.0
32769cc5-f08e-40c8-b3bd-eadded5b7500,2025-05-04,1900-01-01 10:02:00,NO,E,,,SR,,M,,,,,RS,,,ST,,RS,,,,,,,,,,,602,602.0
7325034b-2e2c-4fec-9291-8cfd3149c7aa,2025-05-04,1900-01-01 10:04:00,NO,RS,,NY,SR,,M,,ST,SR,,RS,,,"NY, ST",,RS,,,,,,,,,,,604,604.0
dda82e1f-85fb-4291-9746-21437abca6c3,2025-05-04,1900-01-01 10:05:00,NO,RS,,,SR,,E,,,TK,,RS,,,ST,,RS,,,NY,,,,,,,red,605,606.0
c6b7f1c0-0397-46d9-b3f6-ce17e4598d5e,2025-05-04,1900-01-01 10:07:00,Yes,RS,,,SR,,E,,,TK,,RS,,,ST,,RS,,,NY,,,,,,,green,607,608.0
5ff9d491-8c83-41c9-9f82-318dc5343757,2025-05-04,1900-01-01 10:09:00,Yes,RS,,,SR,,E,,,TK,,RS,,,ST,,RS,,,NY,,,,,,,green,609,610.0
8a8f6645-e9a9-4edf-8bb4-b5c5e53ffe26,2025-05-04,1900-01-01 10:11:00,Yes,RS,,,SR,,E,,,TK,,RS,,,ST,,RS,,,NY,,,,,,,green,611,612.0
84554564-92aa-4298-8e43-29425df075cd,2025-05-04,1900-01-01 10:13:00,Yes,RS,,,SR,,E,,,TK,,RS,,,ST,,RS,,,NY,,,,,,,green,613,614.0
7df57df8-4b67-468a-88bb-ca86bcd29482,2025-05-04,1900-01-01 10:15:00,Yes,RS,,,SR,,E,,,TK,,RS,,,ST,,RS,,,NY,,,,,,,green,615,616.0
6474fb2f-5259-4787-aa8f-2f05551b7e16,2025-05-04,1900-01-01 10:17:00,Yes,RS,,,SR,,E,,,TK,,RS,,,ST,,RS,,,NY,,,,,,,green,617,618.0
7ac2bf40-59e1-47ef-b366-b6ff920543fc,2025-05-04,1900-01-01 10:20:00,NO,M,,NY,,,M,,ST,,,RS,,,,,RS,,,,,,,,,,,620,620.0
3b34a76c-f516-4114-bae1-fab533103087,2025-05-04,1900-01-01 10:21:00,NO,RS,,,SR,,RS,,,SR,,RS,,,"ST, NY",,RS,,,,,,,,,,red,621,622.0
b332c489-d74e-4253-9f7d-87692fbe133e,2025-05-04,1900-01-01 10:23:00,Yes,RS,,,SR,,RS,,,SR,,RS,,,"ST, NY",,RS,,,,,,,,,,green,623,624.0
cd46b1e4-e044-436e-92f6-16664db347a4,2025-05-04,1900-01-01 10:25:00,NO,RS,,SR,NY,,RS,,,"SR, ST",,RS,,ST,NY,,RS,,,,,,,,,,red,625,626.0
8fe15de1-e175-4147-924c-7fb5e2ef2452,2025-05-04,1900-01-01 10:27:00,Yes,RS,,SR,NY,,RS,,,"SR, ST",,RS,,ST,NY,,RS,,,,,,,,,,green,627,628.0
0b0b6634-b089-4350-a9d9-1df0d866762b,2025-05-04,1900-01-01 10:30:00,NO,RS,TK,,SR,,RS,,,SR,,RS,,,"ST, NY, TK",,RS,ST,,SR,,,,,,,,630,630.0
744ae88f-7d04-416e-a1da-189908d909d2,2025-05-04,1900-01-01 10:47:00,NO,GR,NY,,,,GG,ST,,,,RL,,,,,RS,,,,,,,,,,,647,647.0
e338a9ee-6f49-48b1-bbab-ae929a98cc23,2025-05-04,1900-01-01 10:49:00,NO,RL,NY,,,,RL,ST,,,,RL,,,,,RS,,,,,,,,,,,649,649.0
5d0abbf6-c271-4db5-90f3-7d5f2335d578,2025-05-04,1900-01-01 10:52:00,NO,RL,,NY,,,RL,,ST,,,RL,,,,,RS,,,,,,,,,,red,652,651.0
21b0f6bb-9649-418a-9892-ced969bf638e,2025-05-04,1900-01-01 10:53:00,Yes,RL,,NY,,,RL,,ST,,,RL,,,,,RS,,,,,,,,,,green,653,653.0
94dae3a9-ca8c-4eb7-8355-493b75ff7eef,2025-05-04,1900-01-01 10:55:00,NO,RL,,NY,TK,,RL,,ST,TK,,RL,,,,,E,,"ST, NY",,,,,,,,,655,655.0
10ad6bdc-3495-4379-a0c9-5c25528695aa,2025-05-04,1900-01-01 10:58:00,NO,RS,,,NY,,RL,,,"TK, ST",,RL,,,,,E,,,NY,,,,,,,red,658,657.0
3575a9b9-e373-4b28-a863-dbd11a4b6f9a,2025-05-04,1900-01-01 10:59:00,Yes,RS,,,NY,,RL,,,"TK, ST",,RL,,,,,E,,,NY,,,,,,,green,659,659.0
fb4a2fe4-7aa5-49df-95a2-0805c19a8db9,2025-05-04,1900-01-01 11:01:00,NO,RS,,,,,RS,,,TK,,RL,,,,,RS,,,NY,,,,,,,red,661,661.0
0b777cc3-7e23-4523-b4a7-ead4e7415369,2025-05-04,1900-01-01 11:03:00,Yes,RS,,,,,RS,,,TK,,RL,,,,,RS,,,NY,,,,,,,green,663,663.0
f08a5f71-081f-42f9-b93b-7e446bbe9b8c,2025-05-04,1900-01-01 11:05:00,Yes,RS,,,,,RS,,,TK,,RL,,,,,RS,,,NY,,,,,,,green,665,665.0
e23e6f5a-bea0-4c94-805b-5fefca2769bc,2025-05-04,1900-01-01 11:07:00,Yes,RS,,,,,RS,,,TK,,RL,,,,,RS,,,NY,,,,,,,green,667,667.0
a6b00b5a-2cef-48e9-8bdb-e531a314169a,2025-05-04,1900-01-01 11:09:00,NO,RS,,,TK,,RL,,,,,RL,,,,,SD,,,ST,,,,,,,,669,669.0
ac82aea3-80e6-4737-95bf-3e47abd1e944,2025-05-04,1900-01-01 11:11:00,NO,RS,,,SR,,RL,,,,,RL,,,ST,,SD,,,,,,,,,,red,671,671.0
14769b03-81f7-48cc-9a80-2bb4405d60e3,2025-05-04,1900-01-01 11:13:00,Yes,RS,,,SR,,RL,,,,,RL,,,ST,,SD,,,,,,,,,,green,673,673.0
c0f69aec-0236-4ae6-9b65-ba036fd31c8a,2025-05-04,1900-01-01 11:15:00,NO,M,,,TK,,RL,,,,,RL,,,,,M,,,ST,,,,,,,,675,675.0
3e20428c-62f4-4199-8a2e-d60469ed9a07,2025-05-04,1900-01-01 11:18:00,NO,GR,TK,,,,RL,,,,,RL,,,,,GG,ST,,,,,,,,,,678,677.0
5a48374c-7e8f-4d1f-ba88-6d6b3f214f26,2025-05-04,1900-01-01 11:19:00,NO,M,,,,,RL,,,,,RL,,,,,RS,,,,,,,,,,,679,679.0
ff1962bc-6a0d-425a-96c8-b6022ce1b2c9,2025-05-04,1900-01-01 11:22:00,NO,RS,,,,,RL,,,,,RS,,,,,SD,,,,,,,,,,,682,681.0
8e91fcf8-6acb-4c52-a718-f82689445fc6,2025-05-04,1900-01-01 11:24:00,NO,DS,,,,,RS,,,,,RS,,,,,RS,,,,,,,,,,,684,683.0
24ff7113-75ea-4bb2-a675-5ce71da0d041,2025-05-04,1900-01-01 11:25:00,NO,RS,,,,,RS,,,,,RS,,,,,RS,,,,,,,,,,,685,685.0
b3b6dfa1-968e-4a17-9bdd-f37f282d2d80,2025-05-04,1900-01-01 11:28:00,NO,RS,,,,,RS,,,,,RS,,,TK,,M,,,SR,,,,,,,,688,687.0
8fc54524-44a8-4fe0-954b-18cba8757a9a,2025-05-04,1900-01-01 11:29:00,NO,RS,,,,,RS,,,,,RS,,,TK,,RS,,,SR,,,,,,,red,689,689.0
bd8bdfde-063f-442f-897e-6f2dedab14ff,2025-05-04,1900-01-01 11:32:00,Yes,RS,,,,,RS,,,,,RS,,,TK,,RS,,,SR,,,,,,,green,692,691.0
4ad6c396-7a74-401f-a94e-2e95df88da30,2025-05-04,1900-01-01 11:33:00,Yes,RS,,,,,RS,,,,,RS,,,TK,,RS,,,SR,,,,,,,green,693,693.0
1b68f02f-e451-4688-9031-d7838f931a67,2025-05-04,1900-01-01 11:35:00,Yes,RS,,,,,RS,,,,,RS,,,TK,,RS,,,SR,,,,,,,green,695,695.0
7a927846-0784-4759-af08-4b4065eaea30,2025-05-04,1900-01-01 11:37:00,NO,RS,,,,,RS,,,SR,,RS,,,"TK, NY",,RS,,,SR,,,,,,,,697,697.0
9a40c526-fed5-40bd-8750-438da219cadf,2025-05-04,1900-01-01 11:40:00,NO,RS,,,,,RS,,,,,RS,,,TK,,RS,,,SR,,,,,,,,700,699.0
aca66d96-eef0-47de-8122-8117b0a5be79,2025-05-04,1900-01-01 11:41:00,NO,RS,,,,,RS,,,,,RS,,,TK,,RS,,,SR,,,,,,,,701,701.0
a0a609d1-b56d-4fbd-af0d-8e41a3a6fb10,2025-05-04,1900-01-01 11:44:00,NO,GR,NY,,,,GG,ST,,,,RS,,,TK,,RS,,,SR,,,,,,,red,704,703.0
dbdad151-2580-4cb6-8004-1f9110ca3042,2025-05-04,1900-01-01 11:45:00,Yes,GR,NY,,,,GG,ST,,,,RS,,,TK,,RS,,,SR,,,,,,,green,705,705.0
4f5fa8ee-c2e3-4885-a2ed-9fcb1c62bef5,2025-05-04,1900-01-01 13:16:00,NO,E,,,,,E,,,TK,,RS,,,,,E,,,NY,,,,,,,red,796,795.0
f7a1566b-a5c8-4125-bdb5-1deb2cfd3478,2025-05-04,1900-01-01 13:19:00,Yes,E,,,,,E,,,TK,,RS,,,,,E,,,NY,,,,,,,green,799,799.0
0bb3263d-45d5-4c09-8b72-5345f5c5beec,2025-05-04,1900-01-01 13:21:00,NO,E,,,,,E,,,,,RS,,,,,E,,,,,,,,,,red,801,801.0
40e7724f-fd51-4b1a-afde-4055fc3611a6,2025-05-04,1900-01-01 13:23:00,Yes,E,,,,,E,,,,,RS,,,,,E,,,,,,,,,,green,803,803.0
1097f245-266c-4fb4-b539-3d6f6c92ba48,2025-05-04,1900-01-01 13:25:00,NO,E,,TK,,,E,,,,,RS,,,,,E,,ST,,,,,,,,red,805,805.0
55efea53-b9e1-4f30-b4e5-086424aca96e,2025-05-04,1900-01-01 13:27:00,Yes,E,,TK,,,E,,,,,RS,,,,,E,,ST,,,,,,,,green,807,807.0
4cdec990-b7ff-461b-b8e5-6826659514ce,2025-05-04,1900-01-01 13:29:00,NO,RS,,,,,RS,,,,,RS,,,,,E,,,,,,,,,,red,809,809.0
8f384a93-45c6-41d7-9a47-61137bd50a59,2025-05-04,1900-01-01 13:31:00,Yes,RS,,,,,RS,,,,,RS,,,,,E,,,,,,,,,,green,811,811.0
021c2969-022a-45dd-a517-54e0569d417a,2025-05-04,1900-01-01 13:33:00,NO,E,,,,,E,,,,,RS,,,,,E,,,,,,,,,,red,813,813.0
dd60c2f1-0f37-483c-9aba-527911fb63e3,2025-05-04,1900-01-01 13:35:00,Yes,E,,,,,E,,,,,RS,,,,,E,,,,,,,,,,green,815,815.0
a0ba44db-a05d-4b1a-9876-2827339d90c3,2025-05-04,1900-01-01 13:37:00,NO,E,,,,,E,,,TK,,RS,,,,,M,,,NY,,,,,,,,817,817.0
33ae7546-af20-423f-b3b3-599534683a97,2025-05-04,1900-01-01 13:38:00,NO,E,,,,,E,,,TK,,RS,,,,,E,,,NY,,,,,,,,818,819.0
ab044741-7763-4abf-878c-ca7422635dc2,2025-05-04,1900-01-01 13:41:00,NO,RS,,,,,E,,,,,RS,,,,,E,,,,,,,,,,,821,821.0
7b90355a-675b-4671-8221-555e1377ae8e,2025-05-04,1900-01-01 13:43:00,NO,E,,,NY,,E,,,ST,,RS,,,,,E,,,,,,,,,,,823,823.0
0c60c5c3-e86c-4adc-b855-b3d3330bceda,2025-05-04,1900-01-01 13:44:00,NO,E,,,"TK, NY",,E,,,"TK, ST",,M,,,,,E,,,"NY, ST",,,,,,,,824,825.0
720cedd1-f6b3-42a3-b8c9-184922873829,2025-05-04,1900-01-01 13:46:00,NO,E,,,"NY, TK",,E,,,"TK, ST",,RS,,,,,E,,,"NY, ST",,,,,,,red,826,827.0
12284615-394a-4ec7-a223-5081dcd8c2ec,2025-05-04,1900-01-01 13:49:00,Yes,E,,,"NY, TK",,E,,,"TK, ST",,RS,,,,,E,,,"NY, ST",,,,,,,green,829,829.0
51fda555-98d8-4ba8-a79e-0d086e9db06f,2025-05-04,1900-01-01 13:50:00,NO,E,,NY,TK,,E,,ST,TK,,RS,,,,,E,,,"ST, NY",,,,,,,,830,831.0
2774e492-81a7-403a-9f6c-e7cbf7053eb2,2025-05-04,1900-01-01 13:53:00,NO,E,,,,,RS,,,,,RS,,,,,E,,,,,,,,,,,833,833.0
20fea1bd-f30f-4559-b071-439a9b9a1088,2025-05-04,1900-01-01 13:55:00,NO,E,,NY,TK,,E,,ST,TK,,RS,,,,,E,,,"ST, NY",,,,,,,,835,835.0
aaf4df95-d84e-42e6-9cfe-ff3c119c3fd1,2025-05-04,1900-01-01 13:56:00,NO,E,,,"TK, NY",,E,,,ST,,RS,,,,,E,,,ST,,,,,,,,836,837.0
a09e72ea-8893-4640-b33d-03fd4a8e9618,2025-05-04,1900-01-01 13:59:00,NO,E,,,"NY, TK",,M,,,"TK, ST",,RS,,,,,E,,,"NY, ST",,,,,,,,839,839.0
114ddf8e-68a2-49ee-8b50-c83961cfa2f4,2025-05-04,1900-01-01 14:00:00,NO,E,,,TK,,E,,,,,RS,,,,,RS,,,ST,,,,,,,,840,841.0
704f3704-3b72-4540-b577-3afdac4a2ce7,2025-05-04,1900-01-01 14:02:00,NO,E,,,TK,,E,,,,,RS,,,,,RS,,,ST,,,,,,,,842,843.0
a629c86d-8b16-47a7-9f55-aec9d49bd328,2025-05-04,1900-01-01 14:05:00,NO,E,,,TK,,M,,,,,M,,,,,RL,,,ST,,,,,,,,845,845.0
f0eea635-4fe8-416b-9746-352f11d13dd5,2025-05-04,1900-01-01 14:07:00,NO,RS,,,,,RS,,,,,M,,,,,RS,,,,,,,,,,,847,847.0
33b86e2c-64d2-4c83-a8d2-a797e399c7ea,2025-05-04,1900-01-01 14:09:00,NO,E,,,,,RS,,,,,RS,,,,,RS,,,,,,,,,,,849,849.0
7b744e61-e9b2-4417-9c40-2fd7950e570a,2025-05-04,1900-01-01 14:11:00,NO,RS,,,,,RS,,,,,M,,,,,RS,,,,,,,,,,red,851,851.0
c2a340fa-cf37-4b07-81e9-122611adf9f5,2025-05-04,1900-01-01 14:13:00,Yes,RS,,,,,RS,,,,,M,,,,,RS,,,,,,,,,,green,853,853.0
bb99589a-dc7b-43e0-a7ad-a4f1f60c01ee,2025-05-04,1900-01-01 14:14:00,NO,RS,,,,,RS,,,SR,,RS,,,NY,,RS,,,,,,,,,,,854,855.0
d8ff5220-371d-45d8-a4c5-6f90210445d8,2025-05-04,1900-01-01 14:17:00,NO,E,,SR,NY,,RS,,,ST,,RS,,ST,NY,,RS,,,,,,,,,,,857,857.0
81be90fa-33b7-4349-9ff5-0b951d8dba1a,2025-05-04,1900-01-01 14:19:00,NO,RS,,SR,TK,,RS,,,,,RS,,ST,,,RS,,,ST,,,,,,,,859,859.0
cf584515-267f-4dad-bb38-2f6c5b6b07cd,2025-05-04,1900-01-01 14:21:00,NO,RS,,SR,,,PL,TK,,,,RS,,ST,,,PL,NY,,,,,,,,,red,861,861.0
83435206-2b82-432d-a48a-75e68515b4cd,2025-05-04,1900-01-01 14:23:00,Yes,RS,,SR,,,PL,TK,,,,RS,,ST,,,PL,NY,,,,,,,,,green,863,863.0
dae6b028-21a0-44b2-8cd3-5106e5792a1b,2025-05-04,1900-01-01 14:25:00,Yes,RS,,SR,,,PL,TK,,,,RS,,ST,,,PL,NY,,,,,,,,,green,865,865.0
3feb256b-2580-4f9f-86f4-abdc1d61cc90,2025-05-04,1900-01-01 14:26:00,Yes,RS,,SR,,,PL,TK,,,,RS,,ST,,,PL,NY,,,,,,,,,green,866,867.0
f4caf734-0126-4fb5-8ee7-fa47daa4c4b4,2025-05-04,1900-01-01 14:28:00,Yes,RS,,SR,,,PL,TK,,,,RS,,ST,,,PL,NY,,,,,,,,,green,868,869.0
4619d5cc-83c7-424f-bdd8-f044796cf768,2025-05-04,1900-01-01 14:30:00,Yes,RS,,SR,,,PL,TK,,,,RS,,ST,,,PL,NY,,,,,,,,,green,870,871.0
1488c320-9bb6-498b-adaa-8b63d168a5b7,2025-05-04,1900-01-01 14:32:00,Yes,RS,,SR,,,PL,TK,,,,RS,,ST,,,PL,NY,,,,,,,,,green,872,873.0
40502054-b80c-4d5b-bfb2-321ca45237be,2025-05-04,1900-01-01 14:34:00,NO,E,,SR,TK,,RS,,,,,RS,,ST,TK,,RS,,,"ST, SR",,,,,,,,874,875.0
0c4ab684-737f-42db-a622-15216c55d042,2025-05-04,1900-01-01 14:36:00,NO,RS,,SR,,,M,,TK,,,RS,,ST,,,M,,NY,,,,,,,,,876,877.0
da660e1e-e40e-4135-8b40-875d67e7257e,2025-05-04,1900-01-01 14:38:00,NO,RS,,SR,,,GM,TK,,,,RS,,ST,,,GM,NY,,,,,,,,,,878,879.0
8c829356-f689-4238-97e2-53ac42d9cd2f,2025-05-04,1900-01-01 14:41:00,NO,RS,,,SR,,GM,TK,,,,RS,,,ST,,GM,NY,,,,,,,,,,881,881.0
64403081-5b93-4e74-833a-320fc0711f43,2025-05-04,1900-01-01 14:43:00,NO,RS,,,,,GM,TK,,,,RS,,,,,GM,NY,,,,,,,,,red,883,883.0
cc5c8df4-8a4d-4743-81ef-b6000ba49546,2025-05-04,1900-01-01 14:44:00,Yes,RS,,,,,GM,TK,,,,RS,,,,,GM,NY,,,,,,,,,green,884,885.0
b56115e8-9b55-4d20-ba9a-6f5270c9eb93,2025-05-05,1900-01-01 09:34:00,NO,E,,,,,E,,,,,RS,,,,,RS,,,,,,,,,,red,574,574.0
6454ede0-552b-46df-908b-6195d6d306f0,2025-05-05,1900-01-01 09:36:00,Yes,E,,,,,E,,,,,RS,,,,,RS,,,,,,,,,,green,576,576.0
c876c280-e731-49b6-83cf-04405e599be0,2025-05-05,1900-01-01 09:38:00,NO,RS,,,,,E,,,,,RS,,,,,RS,,,,,,,,,,,578,578.0
b1a7a8f4-0e31-4886-b7d6-d3dbd61a87ec,2025-05-05,1900-01-01 09:40:00,NO,RS,,,,,RS,,,,,RS,,,,,RS,,,,,,,,,,,580,580.0
82f52b58-8785-4c55-bbb6-c2917376c905,2025-05-05,1900-01-01 09:42:00,NO,M,,TK,,,RS,,,,,RS,,,,,M,,ST,,,,,,,,,582,582.0
140436fe-1ebd-4def-90c5-350c09ce4f3a,2025-05-05,1900-01-01 09:44:00,NO,E,,,,,RS,,,,,RS,,,,,E,,,,,,,,,,,584,584.0
e44800ef-e5f9-4675-b844-bbc9accb58e2,2025-05-05,1900-01-01 09:46:00,NO,RS,,,,,E,,,SR,,RL,,,NY,,RS,,,,,,,,,,red,586,586.0
9053ed7d-2c0c-4f19-b2a5-d093a8d2d43d,2025-05-05,1900-01-01 09:48:00,Yes,RS,,,,,E,,,SR,,RL,,,NY,,RS,,,,,,,,,,green,588,588.0
b6c9e7d2-9435-4e15-84b1-affa697a3d30,2025-05-05,1900-01-01 09:50:00,NO,RS,,,,,E,,,SR,,RL,,,NY,,E,,,,,,,,,,red,590,590.0
35779e53-1e99-4979-90f2-3b9c8c40a0bd,2025-05-05,1900-01-01 09:52:00,Yes,RS,,,,,E,,,SR,,RL,,,NY,,E,,,,,,,,,,green,592,592.0
f36313e7-bc49-43ed-9857-35cd5744a27b,2025-05-05,1900-01-01 09:54:00,NO,RS,,,,,E,,,TK,,RS,,,,,RS,,,NY,,,,,,,,594,594.0
5aa633cf-ff08-4518-bcf1-55519fc5247f,2025-05-05,1900-01-01 09:56:00,NO,RS,,,,,E,,,TK,,RS,,,,,RL,,,NY,,,,,,,red,596,596.0
e01da24f-c330-46c7-b5ca-18dba672b81b,2025-05-05,1900-01-01 09:58:00,Yes,RS,,,,,E,,,TK,,RS,,,,,RL,,,NY,,,,,,,green,598,598.0
8e302687-f112-4a01-9447-bcaf9d6f5bbf,2025-05-05,1900-01-01 10:00:00,Yes,RS,,,,,E,,,TK,,RS,,,,,RL,,,NY,,,,,,,green,600,600.0
4fcbec4f-be56-40ea-b2e7-cc026e42feed,2025-05-05,1900-01-01 10:02:00,Yes,RS,,,,,E,,,TK,,RS,,,,,RL,,,NY,,,,,,,green,602,602.0
8f56adaf-9024-4b17-8853-d0c2c1de2cd4,2025-05-05,1900-01-01 10:04:00,Yes,RS,,,,,E,,,TK,,RS,,,,,RL,,,NY,,,,,,,green,604,604.0
d92b1be4-ddcb-491e-a6fe-23cbaf4e879f,2025-05-05,1900-01-01 10:06:00,Yes,RS,,,,,E,,,TK,,RS,,,,,RL,,,NY,,,,,,,green,606,606.0
459ef506-8c6b-41d8-ab1f-a93f7361ad4b,2025-05-05,1900-01-01 10:08:00,Yes,RS,,,,,E,,,TK,,RS,,,,,RL,,,NY,,,,,,,green,608,608.0
168bf851-eba5-4de2-abbb-36c59e2e9508,2025-05-05,1900-01-01 10:10:00,NO,RS,,,,,RS,,,TK,,RS,,,,,SD,,,NY,,,,,,,red,610,610.0
41c65bdd-51be-474b-90b5-fbafbb586d79,2025-05-05,1900-01-01 10:12:00,Yes,RS,,,,,RS,,,TK,,RS,,,,,SD,,,NY,,,,,,,green,612,612.0
432da9a3-2fa7-43af-94f1-6b5baf4671fe,2025-05-05,1900-01-01 10:14:00,Yes,RS,,,,,RS,,,TK,,RS,,,,,SD,,,NY,,,,,,,green,614,614.0
99ff7848-c048-48e5-9c1f-6b99dd4b4466,2025-05-05,1900-01-01 10:16:00,NO,RS,,,,,RS,,,,,RS,,,,,SD,,,,,,,,,,red,616,616.0
29d00b66-af3b-4da9-8bbf-aff53b88365c,2025-05-05,1900-01-01 10:18:00,Yes,RS,,,,,RS,,,,,RS,,,,,SD,,,,,,,,,,green,618,618.0
c517776a-01cc-4768-9892-358c9a838691,2025-05-05,1900-01-01 10:20:00,NO,M,,,NY,,RS,,,ST,,RS,,,,,RS,,,,,,,,,,,620,620.0
b97c18a5-231a-4c2b-a400-2d4c4080486d,2025-05-05,1900-01-01 10:22:00,NO,RS,,,TK,,RS,,,,,RS,,,,,RS,,,ST,,,,,,,,622,622.0
1d97d55b-7e8b-402e-a464-ce6e5fc6ffe1,2025-05-05,1900-01-01 10:24:00,NO,E,,,,,RS,,,,,RS,,,,,RS,,,,,,,,,,,624,624.0
735c83e2-f8a7-474b-95dd-47187506de85,2025-05-05,1900-01-01 10:26:00,NO,M,,,TK,,RS,,,,,RS,,,,,RS,,,ST,,,,,,,red,626,626.0
b061f157-9388-4144-b468-f112dacf344a,2025-05-05,1900-01-01 10:28:00,Yes,M,,,TK,,RS,,,,,RS,,,,,RS,,,ST,,,,,,,green,628,628.0
9d771cd8-232c-4950-850f-e9169f2754b1,2025-05-05,1900-01-01 10:30:00,NO,RS,,,,,RS,,,,,RS,,,,,RL,,,,,,,,,,,630,630.0
a2f24a29-d112-4621-b579-49cfc25b9691,2025-05-05,1900-01-01 10:46:00,NO,RS,,,,,RS,,,,,RS,,,,,RS,,,,,,,,,,red,646,645.0
802feb23-b02c-4e1b-a360-312acd957e13,2025-05-05,1900-01-01 10:48:00,Yes,RS,,,,,RS,,,,,RS,,,,,RS,,,,,,,,,,green,648,647.0
1ef324fa-1b72-4f54-87ec-290c28d6f9fb,2025-05-05,1900-01-01 10:50:00,NO,RL,,,,,RL,,,,,RS,,,,,RL,,,,,,,,,,red,650,649.0
f47ae531-7a04-4e0e-8f5c-6a557b08e116,2025-05-05,1900-01-01 10:52:00,Yes,RL,,,,,RL,,,,,RS,,,,,RL,,,,,,,,,,green,652,651.0
1b5432f7-8bde-486c-aaa2-2d6a5d6688dd,2025-05-05,1900-01-01 10:54:00,Yes,RL,,,,,RL,,,,,RS,,,,,RL,,,,,,,,,,green,654,653.0
ff657bd1-8305-49c7-9b80-8bf491c797a6,2025-05-05,1900-01-01 10:56:00,Yes,RL,,,,,RL,,,,,RS,,,,,RL,,,,,,,,,,green,656,655.0
7b712624-9e99-47fb-b73e-2864f4826747,2025-05-05,1900-01-01 10:58:00,Yes,RL,,,,,RL,,,,,RS,,,,,RL,,,,,,,,,,green,658,657.0
982e6623-a56c-40b9-8638-7547ec75a33b,2025-05-05,1900-01-01 11:00:00,Yes,RL,,,,,RL,,,,,RS,,,,,RL,,,,,,,,,,green,660,659.0
917dd774-4a48-460a-9095-fe23b9e2f2d4,2025-05-05,1900-01-01 11:02:00,Yes,RL,,,,,RL,,,,,RS,,,,,RL,,,,,,,,,,green,662,661.0
fb82ab37-82aa-46de-9d72-f8191e3e44ff,2025-05-05,1900-01-01 11:04:00,Yes,RL,,,,,RL,,,,,RS,,,,,RL,,,,,,,,,,green,664,663.0
2d996935-3409-490f-91fa-948b59c23db0,2025-05-05,1900-01-01 11:06:00,NO,RL,,,,,RS,,,,,RS,,,,,RL,,,,,,,,,,red,666,665.0
6c815b9f-f517-4a34-8498-8736843ac148,2025-05-05,1900-01-01 11:08:00,Yes,RL,,,,,RS,,,,,RS,,,,,RL,,,,,,,,,,green,668,667.0
0bb252ce-77c3-43f8-ac04-6a040ad2808c,2025-05-05,1900-01-01 11:10:00,Yes,RL,,,,,RS,,,,,RS,,,,,RL,,,,,,,,,,green,670,669.0
65284354-4ee2-41ec-ad03-17f72db6081c,2025-05-05,1900-01-01 11:12:00,Yes,RL,,,,,RS,,,,,RS,,,,,RL,,,,,,,,,,green,672,671.0
e4000ea6-433f-40b4-8433-3fd01d2f7e6e,2025-05-05,1900-01-01 11:14:00,Yes,RL,,,,,RS,,,,,RS,,,,,RL,,,,,,,,,,green,674,673.0
5f75d36d-fdae-4589-abf5-017215726d60,2025-05-05,1900-01-01 11:16:00,Yes,RL,,,,,RS,,,,,RS,,,,,RL,,,,,,,,,,green,676,675.0
643bc50c-6cbe-4495-ab91-6a16e7cba771,2025-05-05,1900-01-01 11:18:00,NO,RL,,,,,RS,,,,,RL,,,,,RS,,,,,,,,,,,678,677.0
0f7f1258-bb44-4580-8484-51412d53556c,2025-05-05,1900-01-01 11:20:00,NO,RS,,,,,RS,,,,,RL,,,,,RS,,,,,,,,,,,680,679.0
ae5117f0-1c39-4719-9263-16956bcce4a0,2025-05-05,1900-01-01 11:22:00,NO,RS,,,,,M,,,,,RL,,,,,RS,,,,,,,,,,,682,681.0
5d4327ad-05a9-4d4b-95fe-25a610334b84,2025-05-05,1900-01-01 11:24:00,NO,RS,,,,,RS,,,,,RS,,,,,RS,,,,,,,,,,,684,683.0
f1d642e6-cfe6-40c3-b1f4-6d7455aa611c,2025-05-05,1900-01-01 11:26:00,NO,RS,,,,,E,,,SR,,RS,,,NY,,RS,,,,,,,,,,red,686,685.0
08208250-58c6-4bc6-abc7-6e3b2ba7134d,2025-05-05,1900-01-01 11:28:00,Yes,RS,,,,,E,,,SR,,RS,,,NY,,RS,,,,,,,,,,green,688,687.0
9a6b5b99-6343-4ada-a73b-8154bb5bbc81,2025-05-05,1900-01-01 11:30:00,Yes,RS,,,,,E,,,SR,,RS,,,NY,,RS,,,,,,,,,,green,690,689.0
182a36b0-410c-45fa-b124-257bddaee3d5,2025-05-05,1900-01-01 11:32:00,Yes,RS,,,,,E,,,SR,,RS,,,NY,,RS,,,,,,,,,,green,692,691.0
d914966f-8f67-410a-9443-20e59f22f0bc,2025-05-05,1900-01-01 11:34:00,Yes,RS,,,,,E,,,SR,,RS,,,NY,,RS,,,,,,,,,,green,694,693.0
8ba376f2-20bd-4051-89f7-d6902832024c,2025-05-05,1900-01-01 11:36:00,NO,RL,,,,,RS,,,SR,,RS,,,NY,,RS,,,,,,,,,,red,696,695.0
5e42035d-e5f0-4867-805c-6d31a02a05e7,2025-05-05,1900-01-01 11:38:00,Yes,RL,,,,,RS,,,SR,,RS,,,NY,,RS,,,,,,,,,,green,698,697.0
706902a2-fa41-4233-bd72-d184fafd0013,2025-05-05,1900-01-01 11:40:00,Yes,RL,,,,,RS,,,SR,,RS,,,NY,,RS,,,,,,,,,,green,700,699.0
0220fe62-fd44-4ba7-8351-1d0eb72ed5d8,2025-05-05,1900-01-01 11:42:00,Yes,RL,,,,,RS,,,SR,,RS,,,NY,,RS,,,,,,,,,,green,702,701.0
394dbf3d-d398-4a44-bb03-0610c5df4832,2025-05-05,1900-01-01 11:44:00,Yes,RL,,,,,RS,,,SR,,RS,,,NY,,RS,,,,,,,,,,green,704,703.0
28d11513-40fb-42a9-a12d-480244bcd8ec,2025-05-05,1900-01-01 11:46:00,Yes,RL,,,,,RS,,,SR,,RS,,,NY,,RS,,,,,,,,,,green,706,705.0
6ed0a97e-6bc4-411d-bc29-3f2ec2bc08db,2025-05-05,1900-01-01 13:17:00,NO,E,,,,,E,,,,,RS,,,,,E,,,,,,,,,,red,797,797.0
ec4964cd-dd86-4d15-81ab-8c312a43ff67,2025-05-05,1900-01-01 13:19:00,Yes,E,,,,,E,,,,,RS,,,,,E,,,,,,,,,,green,799,799.0
ecdecb0a-0b02-43f1-84c8-00053f8e8bb7,2025-05-05,1900-01-01 13:21:00,Yes,E,,,,,E,,,,,RS,,,,,E,,,,,,,,,,green,801,801.0
dd2690fe-e507-4e08-a801-f301a9614c32,2025-05-05,1900-01-01 13:23:00,Yes,E,,,,,E,,,,,RS,,,,,E,,,,,,,,,,green,803,803.0
7148d5ab-aef3-4153-adf6-b3ac415a653d,2025-05-05,1900-01-01 13:25:00,NO,E,,,,,E,,,TK,,RS,,,,,E,,,NY,,,,,,,red,805,805.0
857c2f68-8165-4628-900a-331ca8a6c91c,2025-05-05,1900-01-01 13:27:00,Yes,E,,,,,E,,,TK,,RS,,,,,E,,,NY,,,,,,,green,807,807.0
21fa8a4d-42d0-4ce0-b637-e710dfffd9f0,2025-05-05,1900-01-01 13:29:00,NO,E,,,,,E,,,TK,,RS,,,,,RS,,,NY,,,,,,,red,809,809.0
d9d77575-7b74-4dba-af00-0785d188abb7,2025-05-05,1900-01-01 13:31:00,Yes,E,,,,,E,,,TK,,RS,,,,,RS,,,NY,,,,,,,green,811,811.0
61a402f0-b5de-4ebc-9ba9-6607c53e5528,2025-05-05,1900-01-01 13:33:00,NO,E,,,,,RS,,,TK,,RS,,,,,M,,,NY,,,,,,,,813,813.0
d9650c53-dad0-4a99-b263-d0d0e36ea735,2025-05-05,1900-01-01 13:35:00,NO,E,,,,,E,,,TK,,RS,,,,,E,,,NY,,,,,,,red,815,815.0
375aaef7-429d-45d5-b7f3-70681ee780a6,2025-05-05,1900-01-01 13:37:00,Yes,E,,,,,E,,,TK,,RS,,,,,E,,,NY,,,,,,,green,817,817.0
d2c4517c-74df-49ee-be6e-02e14b96f10d,2025-05-05,1900-01-01 13:39:00,NO,E,TK,,,,E,,,,,RS,,,,,E,ST,,,,,,,,,,819,819.0
3c6161d6-6002-4f07-8c1b-39f620c60577,2025-05-05,1900-01-01 13:41:00,NO,E,,,"TK, NY",,E,,,ST,,RS,,,,,E,,,ST,,,,,,,,821,821.0
e8516442-2b9d-4901-b8d3-b6080898ba08,2025-05-05,1900-01-01 13:43:00,NO,E,,,NY,,E,,,ST,,RS,,,,,E,,,,,,,,,,,823,823.0
b1c4a49a-f069-412a-a5ba-ea60bcb623f2,2025-05-05,1900-01-01 13:46:00,NO,E,,,NY,,E,,,ST,,RS,,,,,E,,,,,,,,,,red,826,825.0
6e82bd31-596c-4247-91fb-218c63535f04,2025-05-05,1900-01-01 13:47:00,Yes,E,,,NY,,E,,,ST,,RS,,,,,E,,,,,,,,,,green,827,827.0
f2b36b8d-a144-49f1-ba72-55adf5e56a87,2025-05-05,1900-01-01 13:49:00,NO,E,,,,,RS,,,,,RS,,,,,RS,,,,,,,,,,,829,829.0
371ef18f-ae28-4710-a9d6-6aa45492a049,2025-05-05,1900-01-01 13:51:00,NO,E,,,,,RS,,,,,RS,,,,,E,,,,,,,,,,red,831,831.0
0299781a-efec-49a3-9fa3-fd43b24f2da1,2025-05-05,1900-01-01 13:53:00,Yes,E,,,,,RS,,,,,RS,,,,,E,,,,,,,,,,green,833,833.0
4674570b-10ea-4cff-8b6b-3ba2d1941fb8,2025-05-05,1900-01-01 13:55:00,NO,RS,,,,,RL,,,SR,,RL,,,NY,,RS,,,,,,,,,,,835,835.0
043ab506-a487-46c3-a3d0-41e0d36ef091,2025-05-05,1900-01-01 13:57:00,NO,RS,,,,,RL,,"TK, SR",,,RL,,"TK, NY",,,RL,,"NY, SR",,,,,,,,red,837,837.0
ba11b330-dc5d-470a-83de-72c5b4e9e83f,2025-05-05,1900-01-01 13:59:00,Yes,RS,,,,,RL,,"TK, SR",,,RL,,"TK, NY",,,RL,,"NY, SR",,,,,,,,green,839,839.0
2ea9ac36-bbb8-490f-ae3d-072816de2c87,2025-05-05,1900-01-01 14:01:00,Yes,RS,,,,,RL,,"TK, SR",,,RL,,"TK, NY",,,RL,,"NY, SR",,,,,,,,green,841,841.0
53c68eac-1ed0-4e89-92b7-d74c234c56f7,2025-05-05,1900-01-01 14:03:00,Yes,RS,,,,,RL,,"TK, SR",,,RL,,"TK, NY",,,RL,,"NY, SR",,,,,,,,green,843,843.0
24243e3e-3a01-438f-86e4-88c031573f26,2025-05-05,1900-01-01 14:05:00,NO,RS,,,,,RS,,"TK, SR",,,RS,,NY,TK,,RL,,NY,SR,,,,,,,,845,845.0
dd17cd33-7b02-4358-a3a6-b3243979acb4,2025-05-05,1900-01-01 14:07:00,NO,RS,,,,,RS,,SR,TK,,RS,,NY,TK,,RS,,,"NY, SR",,,,,,,,847,847.0
d618e166-0dcd-4cea-9a32-46fdd2dc9fe3,2025-05-05,1900-01-01 14:09:00,NO,RS,,,,,RS,,SR,TK,,RS,,NY,TK,,RL,,,"NY, SR",,,,,,,,849,849.0
991fc37b-814f-45c1-b301-7350f9c8f776,2025-05-05,1900-01-01 14:11:00,NO,RS,,,,,RS,,SR,TK,,RS,,NY,TK,,RS,,,"NY, SR",,,,,,,,851,851.0
2e955763-04ba-4e85-8ffb-94ce399d2730,2025-05-05,1900-01-01 14:13:00,NO,RS,,,,,RS,,,,,RS,,,TK,,RS,,,SR,,,,,,,red,853,853.0
f2e7403a-640d-4bb3-ad52-c77a73fbf02a,2025-05-05,1900-01-01 14:15:00,Yes,RS,,,,,RS,,,,,RS,,,TK,,RS,,,SR,,,,,,,green,855,855.0
9ee4d84b-eb9b-451e-b7ad-c58c746ca228,2025-05-05,1900-01-01 14:17:00,NO,RS,,,,,RS,,,,,RS,,,TK,,RL,,,SR,,,,,,,red,857,857.0
c96174c2-c288-48c4-a6ac-94ca9bc22b0c,2025-05-05,1900-01-01 14:19:00,Yes,RS,,,,,RS,,,,,RS,,,TK,,RL,,,SR,,,,,,,green,859,859.0
5cd6348b-bb7d-40bb-b68c-5309b4ce9c2b,2025-05-05,1900-01-01 14:21:00,NO,M,,,,,RS,,,,,RS,,,TK,,RL,,,SR,,,,,,,,861,861.0
a2a6e8af-8df0-4dee-b114-0d4226b35862,2025-05-05,1900-01-01 14:23:00,NO,RS,,,,,RS,,,,,RS,,,TK,,RL,,,SR,,,,,,,,863,863.0
a156560b-ab02-43fa-b57b-f6b772d06c7d,2025-05-05,1900-01-01 14:25:00,NO,RS,,,NY,,RS,,,ST,,RS,,,TK,,RS,,,SR,,,,,,,,865,865.0
81919f58-eb06-45d3-93c1-887177db8014,2025-05-05,1900-01-01 14:27:00,NO,M,,NY,,,M,,ST,,,RS,,,TK,,RL,,,SR,,,,,,,,867,867.0
cfa2a95a-3ef8-4f1e-acb0-0de3928e4f14,2025-05-05,1900-01-01 14:29:00,NO,RS,,NY,,,RS,,ST,,,RS,,,TK,,RL,,,SR,,,,,,,,869,869.0
bbf50614-106d-4043-b259-de7901cc86d1,2025-05-05,1900-01-01 14:31:00,NO,GR,NY,,,,GG,ST,,,,RS,,,TK,,RL,,,SR,,,,,,,,871,871.0
7c6e1737-b750-4b16-924f-75bde4f4198b,2025-05-05,1900-01-01 14:33:00,NO,GM,NY,,,,GM,ST,,,,RS,,,TK,,RL,,,SR,,,,,,,red,873,873.0
b484e33c-6679-48bc-972a-5c836dd8ca6d,2025-05-05,1900-01-01 14:35:00,Yes,GM,NY,,,,GM,ST,,,,RS,,,TK,,RL,,,SR,,,,,,,green,875,875.0
169ea854-9cff-4843-948f-262707ebb0b6,2025-05-05,1900-01-01 14:37:00,Yes,GM,NY,,,,GM,ST,,,,RS,,,TK,,RL,,,SR,,,,,,,green,877,877.0
448121ac-16ce-4718-9e2e-052287cd28cb,2025-05-05,1900-01-01 14:39:00,NO,GM,NY,,,,GM,ST,,,,RS,,,,,RS,,,,,,,,,,red,879,879.0
0357977a-113b-4fce-8930-408f8b5ef05e,2025-05-05,1900-01-01 14:41:00,Yes,GM,NY,,,,GM,ST,,,,RS,,,,,RS,,,,,,,,,,green,881,881.0
4350a689-b209-41f6-9c7f-c8e35cc39969,2025-05-05,1900-01-01 14:43:00,NO,PL,NY,,,,PL,ST,,,,RS,,,,,RS,,,,,,,,,,red,883,883.0
cb92c134-4eaa-4c71-af9a-23d304973e04,2025-05-05,1900-01-01 14:45:00,Yes,PL,NY,,,,PL,ST,,,,RS,,,,,RS,,,,,,,,,,green,885,885.0
