ec5_uuid,date,1_TIme,2_NC,4_MS_Behavior,5_Contact,6_AR,7_3M,8_Notes,10_ST_Behavior,11_Contact,12_AR,13_3M,14_Notes,16_NH_Behavior,17_Contact,18_AR,19_3M,20_Notes,highlight,msm,corrected_msm
26afc396-dc72-41eb-baed-eace7af91c4c,2025-03-11,1900-01-01 09:45:00,,RS,,,,,RS,,,,,RS,,,,,red,585,584.0
0962879c-c4a2-494c-bc93-79d32ec76828,2025-03-11,1900-01-01 09:47:00,Yes,RS,,,,,RS,,,,,RS,,,,,green,587,586.0
0bc8d251-68da-4852-9894-ad051a852e48,2025-03-11,1900-01-01 09:50:00,,RS,,,,,RS,,NH,,,RS,,ST,,,,590,590.0
c2f07979-391c-4336-aa01-002e403e8221,2025-03-11,1900-01-01 09:51:00,,RS,,NH,,,RS,,,,,RS,,MS,,,red,591,592.0
cffb1b05-ffce-419e-95d4-75c5c267c3cf,2025-03-11,1900-01-01 09:53:00,Yes,RS,,NH,,,RS,,,,,RS,,MS,,,green,593,594.0
130d9136-9862-40be-936f-601eca418b7b,2025-03-11,1900-01-01 09:55:00,Yes,RS,,NH,,,RS,,,,,RS,,MS,,,green,595,596.0
255d0826-c7e9-4687-a25f-ed491ef5d258,2025-03-11,1900-01-01 09:57:00,Yes,RS,,NH,,,RS,,,,,RS,,MS,,,green,597,598.0
c80e2fdc-edaa-4371-9799-a2a6dd36e650,2025-03-11,1900-01-01 09:59:00,Yes,RS,,NH,,,RS,,,,,RS,,MS,,,green,599,600.0
b1c8ef4d-fd02-46d6-837c-60beea0ec643,2025-03-11,1900-01-01 10:01:00,Yes,RS,,NH,,,RS,,,,,RS,,MS,,,green,601,602.0
be7f421b-6a8d-4733-b29c-6ff333b23fd5,2025-03-11,1900-01-01 10:03:00,,RS,,,NH,,,,,,,RS,,,MS,,,603,604.0
932e3d70-3c01-44c5-91e5-d0b9578b12e9,2025-03-11,1900-01-01 10:05:00,,RS,,,,,,,,,,M,,,,,,605,606.0
cb19508d-e1e4-44a3-8146-3a106906ecbf,2025-03-11,1900-01-01 10:07:00,,RS,NH,,,,,,,,,RS,MS,,,,red,607,608.0
e79c0c04-a549-4549-869e-79773c9bc830,2025-03-11,1900-01-01 10:09:00,Yes,RS,NH,,,,,,,,,RS,MS,,,,green,609,610.0
5b3aafd2-f3c4-49b0-b97a-a0de95374e1d,2025-03-11,1900-01-01 10:11:00,Yes,RS,NH,,,,,,,,,RS,MS,,,,green,611,612.0
865dc044-b111-4f86-a967-da3aa1c8c997,2025-03-11,1900-01-01 10:13:00,,RS,,,,,,,,,,RS,,,,,,613,614.0
7c0c6b28-cf04-442d-8002-dcc7a8dbb23c,2025-03-11,1900-01-01 10:16:00,,RS,,,,,GG,NH,,,,GM,ST,,,,,616,616.0
53b3a04f-438f-4f74-9f1e-aed2adf6f429,2025-03-11,1900-01-01 10:17:00,,RS,,,,,RS,,,,,RS,,,,,,617,618.0
0d973b4c-775a-4173-82c4-a29d1c451bc3,2025-03-11,1900-01-01 10:19:00,,RS,,ST,,,RS,,MS,,,RS,,,,,red,619,620.0
31899f50-45f2-43f3-9a31-62b06ce09200,2025-03-11,1900-01-01 10:21:00,Yes,RS,,ST,,,RS,,MS,,,RS,,,,,green,621,622.0
06a5ea26-cc44-40b7-bdd9-8e2e9735ced9,2025-03-11,1900-01-01 10:23:00,Yes,RS,,ST,,,RS,,MS,,,RS,,,,,green,623,624.0
92916bdc-915e-448f-8241-b597a21bdf3f,2025-03-11,1900-01-01 10:25:00,Yes,RS,,ST,,,RS,,MS,,,RS,,,,,green,625,626.0
e652e489-21b7-462b-a99e-aa7785a21760,2025-03-11,1900-01-01 10:27:00,,RS,ST,,,,RS,MS,,,,M,,,,,,627,628.0
d8707140-7d4e-4840-8688-eb6ccdd9ac7c,2025-03-11,1900-01-01 10:29:00,,RS,ST,,,,RS,MS,,,,RS,,,,,red,629,630.0
dafd1677-4e61-4ef3-8da0-38405308cefb,2025-03-11,1900-01-01 10:47:00,Yes,RS,ST,,,,RS,MS,,,,RS,,,,,green,647,647.0
a7a002ba-3edb-42ab-80b4-e3dd57036d9a,2025-03-11,1900-01-01 10:49:00,Yes,RS,ST,,,,RS,MS,,,,RS,,,,,green,649,649.0
7c99fc41-2e2b-4bf0-823f-cf78bba454d0,2025-03-11,1900-01-01 10:51:00,Yes,RS,ST,,,,RS,MS,,,,RS,,,,,green,651,651.0
e2ae9a2a-ac7d-4e7e-9c8b-584a16843ff4,2025-03-11,1900-01-01 10:54:00,,GG,NH,,,,RS,,NH,MS,,GR,MS,ST,,,,654,653.0
74893507-97ff-4432-bd20-a47122d0169a,2025-03-11,1900-01-01 10:55:00,,RS,,NH,,,RS,,,"MS, NH",,RS,,MS,ST,,,655,655.0
cd8a0165-a9e3-467a-b89b-ad6392826b62,2025-03-11,1900-01-01 10:57:00,,RS,,NH,,,RS,,NH,MS,,RS,,"MS, ST",,,red,657,657.0
66eaa4b8-0dd9-4b8b-9bcb-2830f63f6a6d,2025-03-11,1900-01-01 10:59:00,Yes,RS,,NH,,,RS,,NH,MS,,RS,,"MS, ST",,,green,659,659.0
8d3e4cda-aea8-4b55-9307-6e8fa6438f67,2025-03-11,1900-01-01 11:01:00,Yes,RS,,NH,,,RS,,NH,MS,,RS,,"MS, ST",,,green,661,661.0
2d4169ea-175b-4ee2-8d65-7287b74b6ece,2025-03-11,1900-01-01 11:03:00,,RS,,,NH,,M,,,,,RS,,,MS,,red,663,663.0
670ce32b-66d3-4a0b-89f7-a575cdc6815d,2025-03-11,1900-01-01 11:05:00,Yes,RS,,,NH,,M,,,,,RS,,,MS,,green,665,665.0
bc5a3d1e-c195-4a77-ab04-1d3d4b5bdc08,2025-03-11,1900-01-01 11:07:00,,RS,,,NH,,RS,,,,,RS,,,,,red,667,667.0
470ff739-79d1-4ed8-84c1-6d696d8adbcd,2025-03-11,1900-01-01 11:09:00,Yes,RS,,,NH,,RS,,,,,RS,,,,,green,669,669.0
a839dfbe-d566-421d-85f3-38cb096f2166,2025-03-11,1900-01-01 11:12:00,,RS,,,NH,,RS,,,,,RS,,,MS,,red,672,671.0
36642c95-103c-4997-81d6-b9f592f283e5,2025-03-11,1900-01-01 11:13:00,Yes,RS,,,NH,,RS,,,,,RS,,,MS,,green,673,673.0
ac7c8d12-1736-4b57-a8ff-98f0e2f5d109,2025-03-11,1900-01-01 11:15:00,Yes,RS,,,NH,,RS,,,,,RS,,,MS,,green,675,675.0
40abb3d7-f1b0-49a3-a56b-cf729030c616,2025-03-11,1900-01-01 11:17:00,Yes,RS,,,NH,,RS,,,,,RS,,,MS,,green,677,677.0
287c131c-b6e5-4689-8dcd-0f1a39945c13,2025-03-11,1900-01-01 11:19:00,Yes,RS,,,NH,,RS,,,,,RS,,,MS,,green,679,679.0
a36492d5-ad11-43c9-99b9-c3b961452c41,2025-03-11,1900-01-01 11:21:00,,RS,,,,,RS,,,,,M,,,,,,681,681.0
97a548c2-cd03-4b4d-8fed-0f05755b2284,2025-03-11,1900-01-01 11:23:00,,RS,,,,,RS,,,,,RS,,,,,red,683,683.0
56e8ca55-84b0-43df-ae56-7dc6f22ff1df,2025-03-11,1900-01-01 11:26:00,Yes,RS,,,,,RS,,,,,RS,,,,,green,686,685.0
60b3662c-8157-465f-8aa3-cf4f9d0b2269,2025-03-11,1900-01-01 11:27:00,Yes,RS,,,,,RS,,,,,RS,,,,,green,687,687.0
fc60ec4f-a7e6-4d5d-a268-a3b7a9c3d227,2025-03-11,1900-01-01 11:29:00,Yes,RS,,,,,RS,,,,,RS,,,,,green,689,689.0
f02bdd4d-7128-497b-949d-898fdbe3c4e3,2025-03-11,1900-01-01 11:31:00,,GG,ST,,,,GR,MS,,,,RS,,,,,,691,691.0
f45109c6-0b5a-4575-9c51-7e6723a5ce5b,2025-03-11,1900-01-01 11:34:00,,GR,ST,,,,GG,MS,,,,RS,,,,,,694,693.0
c4fa4b45-587b-4906-80b4-bea1554a39e2,2025-03-11,1900-01-01 11:35:00,,E,,ST,,,RS,,MS,,,RS,,,,,,695,695.0
e9931832-2283-4fb6-bee9-1da1cc39c52b,2025-03-11,1900-01-01 11:37:00,,RS,,"ST, NH",,,RS,,"MS, NH",,,RS,,"MS, ST",,,red,697,697.0
2937bfc1-fb80-4a1e-8daa-3c6ca69d9f41,2025-03-11,1900-01-01 11:39:00,Yes,RS,,"ST, NH",,,RS,,"MS, NH",,,RS,,"MS, ST",,,green,699,699.0
1210a0dc-f8ce-4261-96bc-d5f9219a5aef,2025-03-11,1900-01-01 11:41:00,Yes,RS,,"ST, NH",,,RS,,"MS, NH",,,RS,,"MS, ST",,,green,701,701.0
b8712e77-4991-47f0-87ec-7b6d540c1f3f,2025-03-11,1900-01-01 11:43:00,Yes,RS,,"ST, NH",,,RS,,"MS, NH",,,RS,,"MS, ST",,,green,703,703.0
46d7a53d-8b98-4b14-9a40-c810970e137c,2025-03-11,1900-01-01 11:45:00,Yes,RS,,"ST, NH",,,RS,,"MS, NH",,,RS,,"MS, ST",,,green,705,705.0
4c22e5b7-6f07-4f76-a1d2-fc8a64b4c03f,2025-03-11,1900-01-01 13:19:00,,E,,ST,,,E,,MS,,,RS,,,,,red,799,799.0
a9bd4644-35db-4418-bfc9-39b8ba446d00,2025-03-11,1900-01-01 13:21:00,Yes,E,,ST,,,E,,MS,,,RS,,,,,green,801,801.0
82d5475f-0c46-4cef-add2-a04b850bdfa0,2025-03-11,1900-01-01 13:23:00,,E,,,,,E,,,NH,,E,,,ST,,,803,803.0
44cae8ff-534a-48c9-b07c-06cbd70a5b7d,2025-03-11,1900-01-01 13:25:00,,E,,,,,E,,NH,,,E,,ST,,,red,805,805.0
dd2ee480-9861-4b1f-a24d-ab796f124937,2025-03-11,1900-01-01 13:27:00,Yes,E,,,,,E,,NH,,,E,,ST,,,green,807,807.0
167e7a6a-d129-42f1-9153-bba6dcb3887a,2025-03-11,1900-01-01 13:29:00,Yes,E,,,,,E,,NH,,,E,,ST,,,green,809,809.0
713611e4-5361-4cd1-b325-c0f6f085aaf4,2025-03-11,1900-01-01 13:31:00,Yes,E,,,,,E,,NH,,,E,,ST,,,green,811,811.0
e3d8b7a2-bdc0-4796-9b76-5b651d286396,2025-03-11,1900-01-01 13:33:00,,RS,,,,,E,,,NH,,E,,,ST,,red,813,813.0
94803965-3be6-407b-9efd-0591252cdc84,2025-03-11,1900-01-01 13:35:00,Yes,RS,,,,,E,,,NH,,E,,,ST,,green,815,815.0
39a4f112-90c9-438f-8e40-d55e85eabb91,2025-03-11,1900-01-01 13:37:00,Yes,RS,,,,,E,,,NH,,E,,,ST,,green,817,817.0
263eccbe-a166-447d-8f00-8210cafc047d,2025-03-11,1900-01-01 13:39:00,NO,RS,,,,,E,,NH,,,E,,ST,,,,819,819.0
ae9f6524-5e42-4438-8825-77c0614a2565,2025-03-11,1900-01-01 13:41:00,,RS,,,,,E,,,NH,,E,,,ST,,red,821,821.0
99d6edd0-7b2d-4ce3-830e-4794b2f55187,2025-03-11,1900-01-01 13:43:00,Yes,RS,,,,,E,,,NH,,E,,,ST,,green,823,823.0
6312cc8e-c9cf-4559-a78a-1b0cda3846f9,2025-03-11,1900-01-01 13:45:00,NO,RS,ST,,,,RS,MS,,,,E,,,,,,825,825.0
bef2bdf2-0097-481f-9e6a-0eaa39886746,2025-03-11,1900-01-01 13:47:00,,E,,ST,,,E,,MS,,,M,,,,,,827,827.0
2bed5046-13ea-4137-83ba-c47c0847b2a4,2025-03-11,1900-01-01 13:49:00,,E,,,ST,,E,,,MS,,M,,,,,,829,829.0
371597ca-9e6a-4462-845f-b04a57aae46c,2025-03-11,1900-01-01 13:51:00,,E,,ST,NH,,E,,MS,NH,,E,,,"MS, ST",,red,831,831.0
7560efa7-afca-416c-af24-e111c5cd92fb,2025-03-11,1900-01-01 13:53:00,Yes,E,,ST,NH,,E,,MS,NH,,E,,,"MS, ST",,green,833,833.0
751ad9c3-8053-4731-a333-5037c3acf341,2025-03-11,1900-01-01 13:55:00,,E,,,"ST, NH",,E,,NH,MS,,E,,"MS, ST",,,,835,835.0
60e31b50-a3ed-43ae-bff6-a935d8784dd4,2025-03-11,1900-01-01 13:57:00,,E,,,,,E,,,,,E,,,,,,837,837.0
b2c1816c-e54a-4b69-8da4-ee593b9b3f7b,2025-03-11,1900-01-01 13:59:00,,E,,,,,M,,,,,RS,,,,,red,839,839.0
05cdd1a9-8afe-49e8-9bdd-2ffa8d7f2a58,2025-03-11,1900-01-01 14:01:00,Yes,E,,,,,M,,,,,RS,,,,,green,841,841.0
c23fba5f-d270-4a0f-9e0c-3e78c51f3ed9,2025-03-11,1900-01-01 14:03:00,,RS,,,,,RS,,,,,RS,,,,,red,843,843.0
279ecfe4-5567-4f11-b296-d7a3b6c60daf,2025-03-11,1900-01-01 14:05:00,Yes,RS,,,,,RS,,,,,RS,,,,,green,845,845.0
4c841167-e106-44f9-9996-a0eb95ab55aa,2025-03-11,1900-01-01 14:07:00,Yes,RS,,,,,RS,,,,,RS,,,,,green,847,847.0
dcd1ee60-75e0-4361-806b-454342ac882a,2025-03-11,1900-01-01 14:09:00,Yes,RS,,,,,RS,,,,,RS,,,,,green,849,849.0
1270de56-02c4-43fd-9866-904c1f9952c8,2025-03-11,1900-01-01 14:11:00,Yes,RS,,,,,RS,,,,,RS,,,,,green,851,851.0
c59f0a59-5cd8-4a2e-8b98-1dd7b9f7bb60,2025-03-11,1900-01-01 14:13:00,Yes,RS,,,,,RS,,,,,RS,,,,,green,853,853.0
a310fccc-c6d5-46fc-b4c1-9929e30dc409,2025-03-11,1900-01-01 14:15:00,,RS,,,,,RS,,,,,RS,,,,,red,855,855.0
1c1eb41d-fbb6-45d9-a341-77b157da0f24,2025-03-11,1900-01-01 14:17:00,Yes,RS,,,,,RS,,,,,RS,,,,,green,857,857.0
755853d9-19ee-4712-aa6c-fd88cfb49f98,2025-03-11,1900-01-01 14:19:00,Yes,RS,,,,,RS,,,,,RS,,,,,green,859,859.0
00d426a5-efbb-4898-8afc-ac7fe20a75bd,2025-03-11,1900-01-01 14:21:00,Yes,RS,,,,,RS,,,,,RS,,,,,green,861,861.0
8db10787-4903-469b-9727-623e82f34fb5,2025-03-11,1900-01-01 14:23:00,Yes,RS,,,,,RS,,,,,RS,,,,,green,863,863.0
857061c6-7198-4817-9d93-696009dd95dd,2025-03-11,1900-01-01 14:25:00,,GM,NH,ST,,,RS,,"MS, NH",,,GM,MS,ST,,,,865,865.0
fea152a1-c01e-4e7f-96c7-6f3e7b7d0dfd,2025-03-11,1900-01-01 14:27:00,,GM,NH,,ST,,RS,,,"MS, NH",,GM,MS,ST,,,,867,867.0
fda158c8-452f-4fe9-9f52-12ce580083ec,2025-03-11,1900-01-01 14:29:00,,GM,NH,,,,,,,,,GM,MS,,,,red,869,869.0
0b2ba8fc-a298-41bd-adb9-a0247a1c7840,2025-03-11,1900-01-01 14:31:00,Yes,GM,NH,,,,,,,,,GM,MS,,,,green,871,871.0
62970607-11e3-43bf-b7ab-e0b4cf55e822,2025-03-11,1900-01-01 14:33:00,Yes,GM,NH,,,,,,,,,GM,MS,,,,green,873,873.0
81be03a6-4a91-4374-89e0-e2c2d9552436,2025-03-11,1900-01-01 14:35:00,,GG,NH,,,,,,,,,GR,MS,,,,red,875,875.0
de3b5392-c2ea-4722-93f0-d14050859cd6,2025-03-11,1900-01-01 14:37:00,Yes,GG,NH,,,,,,,,,GR,MS,,,,green,877,877.0
b84ba6f6-b462-42cf-88ce-6783f2cc7287,2025-03-11,1900-01-01 14:39:00,Yes,GG,NH,,,,,,,,,GR,MS,,,,green,879,879.0
85d028e5-3824-445f-9aec-8f5ee0c635ed,2025-03-11,1900-01-01 14:41:00,,RS,,,,,M,,,,,M,,,,,,881,881.0
66a886af-e853-4fc3-bac9-6c10489cceb5,2025-03-11,1900-01-01 14:43:00,,RS,,,,,RS,,,,,RL,,,,,red,883,883.0
6e3f090f-f10a-4249-aec4-515fb8294bfd,2025-03-11,1900-01-01 14:45:00,Yes,RS,,,,,RS,,,,,RL,,,,,green,885,885.0
8fe8d926-9cd9-46ec-9b83-f13a3d52114b,2025-03-12,1900-01-01 09:33:00,,RS,,,,,M,,,,,RS,,,,,,573,572.0
436941c6-ca1a-4aac-97be-db153727c217,2025-03-12,1900-01-01 09:35:00,,RS,,,,,E,,NH,,,RS,,ST,,,red,575,574.0
0e8e33b0-fa26-407e-b1c9-fdced23766ab,2025-03-12,1900-01-01 09:37:00,Yes,RS,,,,,E,,NH,,,RS,,ST,,,green,577,576.0
e5e586e2-afc2-4dac-b3d0-0ce5263c1284,2025-03-12,1900-01-01 09:39:00,,RS,,,,,RS,,,,,RS,,,,,red,579,578.0
703fc99c-fe2f-47d7-bcfa-e50e760c2268,2025-03-12,1900-01-01 09:41:00,Yes,RS,,,,,RS,,,,,RS,,,,,green,581,580.0
396bcd7b-963a-4717-bfa1-fb28e986fa33,2025-03-12,1900-01-01 09:43:00,Yes,RS,,,,,RS,,,,,RS,,,,,green,583,582.0
3ec1d138-9b7e-47bb-a47f-f3025c0e66b1,2025-03-12,1900-01-01 09:45:00,,M,,,,,M,,,,,RS,,,,,,585,584.0
d23b6b25-c7a6-4605-b0d3-26de789dcf68,2025-03-12,1900-01-01 09:47:00,,RS,,,,,RS,,,,,RS,,,,,red,587,586.0
57d3bb1d-76e9-4617-9773-c14697262f70,2025-03-12,1900-01-01 09:49:00,Yes,RS,,,,,RS,,,,,RS,,,,,green,589,588.0
6536c596-427b-4ba2-afdb-2758b389908e,2025-03-12,1900-01-01 09:51:00,Yes,RS,,,,,RS,,,,,RS,,,,,green,591,590.0
31ad97f5-41cb-4b0a-ad22-1121b6294928,2025-03-12,1900-01-01 09:53:00,,RS,,,,,RS,,,,,M,,,,,,593,592.0
547bde78-fed3-431e-a385-264fc1e4643b,2025-03-12,1900-01-01 09:55:00,,GG,ST,,NH,,GR,MS,,NH,,RS,,,"MS, ST",,,595,594.0
062a9d4d-2373-4f1d-b8c5-6af9175099cc,2025-03-12,1900-01-01 09:57:00,,RS,,,NH,,M,,,,,RS,,,MS,,,597,596.0
5808c284-f32d-4016-b878-65449149bd4b,2025-03-12,1900-01-01 09:59:00,,GG,NH,,,,E,,,,,GR,MS,,,,red,599,598.0
d1df6f0b-9ab0-4ae5-94da-2cafefc643af,2025-03-12,1900-01-01 10:01:00,Yes,GG,NH,,,,E,,,,,GR,MS,,,,green,601,600.0
81572e06-63d8-4828-8312-6fddf3b2703e,2025-03-12,1900-01-01 10:03:00,,RS,,NH,,,RS,,,,,RS,,MS,,,red,603,602.0
07b3389c-e783-4b4c-a40b-717635d2ca69,2025-03-12,1900-01-01 10:05:00,Yes,RS,,NH,,,RS,,,,,RS,,MS,,,green,605,604.0
d5a7bff8-d546-4d18-a9e4-cfaad486051d,2025-03-12,1900-01-01 10:07:00,Yes,RS,,NH,,,RS,,,,,RS,,MS,,,green,607,606.0
4cd640ac-c72f-4196-9494-f80197ec0132,2025-03-12,1900-01-01 10:09:00,Yes,RS,,NH,,,RS,,,,,RS,,MS,,,green,609,608.0
1b8bc74b-d823-44d3-be80-eb3f07fa6c01,2025-03-12,1900-01-01 10:11:00,NO,RS,,NH,,,SD,,,,,RS,,MS,,,red,611,610.0
7429d71c-b589-479a-bb7f-156bc4766362,2025-03-12,1900-01-01 10:13:00,Yes,RS,,NH,,,SD,,,,,RS,,MS,,,green,613,612.0
bb1f6703-a4e0-4c94-b608-e5fcc3e2c505,2025-03-12,1900-01-01 10:15:00,Yes,RS,,NH,,,SD,,,,,RS,,MS,,,green,615,614.0
96dc3e23-ab99-4753-9abe-720b1a0a79aa,2025-03-12,1900-01-01 10:17:00,Yes,RS,,NH,,,SD,,,,,RS,,MS,,,green,617,616.0
569862d7-b0c7-47ac-b6d8-c77c85d590d2,2025-03-12,1900-01-01 10:19:00,,RS,,NH,,,RL,,,,,RS,,MS,,,red,619,618.0
b5a9df3b-f76b-455b-bcd3-a5839d8556c7,2025-03-12,1900-01-01 10:21:00,Yes,RS,,NH,,,RL,,,,,RS,,MS,,,green,621,620.0
782d126f-a9d0-4b85-904a-9ec6f9a0bb9e,2025-03-12,1900-01-01 10:23:00,Yes,RS,,NH,,,RL,,,,,RS,,MS,,,green,623,622.0
f121f032-129a-4f0d-a09d-62625ce2f57e,2025-03-12,1900-01-01 10:25:00,Yes,RS,,NH,,,RL,,,,,RS,,MS,,,green,625,624.0
e8e3b605-8545-4418-b731-c1634dde2f55,2025-03-12,1900-01-01 10:27:00,Yes,RS,,NH,,,RL,,,,,RS,,MS,,,green,627,626.0
35fceac2-daa4-44e9-b532-66c5043ecd7f,2025-03-12,1900-01-01 10:29:00,Yes,RS,,NH,,,RL,,,,,RS,,MS,,,green,629,628.0
e9c9f400-0a08-4f67-9043-5c4d4afa5a4d,2025-03-12,1900-01-01 10:31:00,Yes,RS,,NH,,,RL,,,,,RS,,MS,,,green,631,630.0
f0e9308b-88c3-4071-90a7-9d94960d3fe0,2025-03-12,1900-01-01 10:49:00,,RL,,NH,,,RS,,,,,RS,,MS,,,red,649,649.0
760a9a36-6954-4e50-8858-8d409370c75b,2025-03-12,1900-01-01 10:51:00,Yes,RL,,NH,,,RS,,,,,RS,,MS,,,green,651,651.0
bae1e90f-947b-433f-9139-ff0fbecd69da,2025-03-12,1900-01-01 10:53:00,,RL,,NH,,,RL,,,,,RS,,MS,,,red,653,653.0
1fa4bb6d-dbfe-4c7a-81fc-a9f27c74e6d5,2025-03-12,1900-01-01 10:55:00,Yes,RL,,NH,,,RL,,,,,RS,,MS,,,green,655,655.0
f66b2b02-769e-46ad-9227-21a879e4b155,2025-03-12,1900-01-01 10:57:00,Yes,RL,,NH,,,RL,,,,,RS,,MS,,,green,657,657.0
e9d91064-8301-4bb0-a732-48ae3070821a,2025-03-12,1900-01-01 10:59:00,Yes,RL,,NH,,,RL,,,,,RS,,MS,,,green,659,659.0
98033c14-1a66-4a92-83c0-ca971bacaf60,2025-03-12,1900-01-01 11:01:00,,RL,,NH,,,RS,,,,,RS,,MS,,,red,661,661.0
c5afb1fe-ed61-4437-94c7-1e3beab4a319,2025-03-12,1900-01-01 11:03:00,Yes,RL,,NH,,,RS,,,,,RS,,MS,,,green,663,663.0
b50c6650-0830-49e3-942f-12f1f36a28ce,2025-03-12,1900-01-01 11:05:00,,RL,,,,,RS,,,,,RS,,,,,red,665,665.0
03a30e3e-8f64-48c9-9221-36d939daa580,2025-03-12,1900-01-01 11:07:00,Yes,RL,,,,,RS,,,,,RS,,,,,green,667,667.0
5401939f-2de0-4c8d-8781-6404db5c872f,2025-03-12,1900-01-01 11:09:00,Yes,RL,,,,,RS,,,,,RS,,,,,green,669,669.0
8a167616-08e0-4e1a-8f2e-b36e4275f4e6,2025-03-12,1900-01-01 11:11:00,Yes,RL,,,,,RS,,,,,RS,,,,,green,671,671.0
b2c5be9e-7f00-4179-9579-5941d6dd4c95,2025-03-12,1900-01-01 11:13:00,Yes,RL,,,,,RS,,,,,RS,,,,,green,673,673.0
ac7e6776-d98c-4359-9f71-613080d9cf55,2025-03-12,1900-01-01 11:15:00,,RS,,,,,RS,,,,,RS,,,,,red,675,675.0
c375bd78-103a-465c-a8f8-8987bdf05415,2025-03-12,1900-01-01 11:17:00,Yes,RS,,,,,RS,,,,,RS,,,,,green,677,677.0
6bc30e0d-cb22-4c74-a8fa-5aef051a04b2,2025-03-12,1900-01-01 11:19:00,,RS,,,,,,,,,,RS,,,,,red,679,679.0
478743f5-7687-4209-b813-fe24a7adc226,2025-03-12,1900-01-01 11:21:00,Yes,RS,,,,,,,,,,RS,,,,,green,681,681.0
446f6537-91ae-4e5c-b161-73488032a1fa,2025-03-12,1900-01-01 11:23:00,Yes,RS,,,,,,,,,,RS,,,,,green,683,683.0
a915e81d-5564-4cb9-b6bf-25baf9e1d6c5,2025-03-12,1900-01-01 11:25:00,Yes,RS,,,,,,,,,,RS,,,,,green,685,685.0
f20daf9e-e71e-4e2c-a9e1-d5835fdaa7aa,2025-03-12,1900-01-01 11:27:00,Yes,RS,,,,,,,,,,RS,,,,,green,687,687.0
9ddc0087-3e4b-4b2d-a844-07a97f87c2b9,2025-03-12,1900-01-01 11:29:00,Yes,RS,,,,,,,,,,RS,,,,,green,689,689.0
2bec5733-86e6-4004-8ce7-f612998934ee,2025-03-12,1900-01-01 11:31:00,Yes,RS,,,,,,,,,,RS,,,,,green,691,691.0
4887d609-6a7d-400d-93f7-613a60466e82,2025-03-12,1900-01-01 11:33:00,,RS,,,NH,,RS,,,,,RS,,,MS,,,693,693.0
eacb1aad-c59c-406f-9d72-8139c1b8e37d,2025-03-12,1900-01-01 11:35:00,,RS,,NH,,,RS,,,,,RS,,MS,,,red,695,695.0
d657b527-9e6f-45ca-a3b8-cd5a36aeacb2,2025-03-12,1900-01-01 11:37:00,Yes,RS,,NH,,,RS,,,,,RS,,MS,,,green,697,697.0
3e324982-f04a-4231-b357-0bd8c2dee6bc,2025-03-12,1900-01-01 11:39:00,,RL,,,,,RS,,,,,RS,,,,,red,699,699.0
320c0498-2bc4-48bc-8ee6-c580e3a139e6,2025-03-12,1900-01-01 11:41:00,Yes,RL,,,,,RS,,,,,RS,,,,,green,701,701.0
d184489c-8015-4b1a-b3c7-cc08f0146e91,2025-03-12,1900-01-01 11:43:00,Yes,RL,,,,,RS,,,,,RS,,,,,green,703,703.0
7cafac62-9713-403e-9316-918fa0d48be6,2025-03-12,1900-01-01 11:45:00,Yes,RL,,,,,RS,,,,,RS,,,,,green,705,705.0
90c1778c-4740-4240-8f46-b8b69bda0050,2025-03-12,1900-01-01 13:19:00,,E,,,,,E,,,,,M,,,,,,799,799.0
98a30e83-00e3-4dd5-ac09-7d73ec007a98,2025-03-12,1900-01-01 13:21:00,,E,,,,,E,,,NH,,E,,,ST,,red,801,801.0
edb34a98-cd9e-4085-be8a-0c4dd7497f1f,2025-03-12,1900-01-01 13:23:00,Yes,E,,,,,E,,,NH,,E,,,ST,,green,803,803.0
e5f1e88c-427d-4b98-bd48-f7eff91db391,2025-03-12,1900-01-01 13:25:00,,RS,,,,,RS,,,NH,,RS,,,ST,,red,805,805.0
6815ac5c-0ce1-4544-823a-3908aff5f37d,2025-03-12,1900-01-01 13:27:00,Yes,RS,,,,,RS,,,NH,,RS,,,ST,,green,807,807.0
0991ee77-a6b4-4199-9e52-0ec8af3caf72,2025-03-12,1900-01-01 13:29:00,Yes,RS,,,,,RS,,,NH,,RS,,,ST,,green,809,809.0
ef12264b-16dd-4812-87d3-e12a8bd1fbac,2025-03-12,1900-01-01 13:31:00,Yes,RS,,,,,RS,,,NH,,RS,,,ST,,green,811,811.0
df0b6582-700f-41d0-b19b-17ad16e5019a,2025-03-12,1900-01-01 13:33:00,Yes,RS,,,,,RS,,,NH,,RS,,,ST,,green,813,813.0
8b3a933f-77d4-4072-939c-1b3c4aa6d81e,2025-03-12,1900-01-01 13:35:00,Yes,RS,,,,,RS,,,NH,,RS,,,ST,,green,815,815.0
34b3b037-2b7d-4578-a904-ddf9070b083e,2025-03-12,1900-01-01 13:37:00,Yes,RS,,,,,RS,,,NH,,RS,,,ST,,green,817,817.0
d9a03dce-178c-4d7c-8ab6-e78971bc056d,2025-03-12,1900-01-01 13:39:00,Yes,RS,,,,,RS,,,NH,,RS,,,ST,,green,819,819.0
31bc9a95-e7c4-4ebe-a4d4-9da0ce732d5d,2025-03-12,1900-01-01 13:41:00,Yes,RS,,,,,RS,,,NH,,RS,,,ST,,green,821,821.0
b916425e-01b8-4133-a696-2c7da079a30c,2025-03-12,1900-01-01 13:43:00,Yes,RS,,,,,RS,,,NH,,RS,,,ST,,green,823,823.0
5e889c76-ac43-4cd5-a431-7e64feb54d78,2025-03-12,1900-01-01 13:45:00,Yes,RS,,,,,RS,,,NH,,RS,,,ST,,green,825,825.0
6bb745a2-5104-4534-b997-179fcd33bade,2025-03-12,1900-01-01 13:47:00,,M,,,,,RS,,,,,RS,,,,,red,827,827.0
6733f020-0285-4ab2-8781-0e129b6d1453,2025-03-12,1900-01-01 13:49:00,Yes,M,,,,,RS,,,,,RS,,,,,green,829,829.0
4eb13542-6b87-43c6-bd90-15278cd98fca,2025-03-12,1900-01-01 13:51:00,,M,,NH,,,RS,,,,,M,,MS,,,,831,831.0
a0c3ce37-ac6b-4996-8ea2-8263d9764ff3,2025-03-12,1900-01-01 13:53:00,,RS,,,,,RS,,,,,RS,,,,,red,833,833.0
764ed743-b89b-45b4-bf44-d67ba2f1cc16,2025-03-12,1900-01-01 13:55:00,Yes,RS,,,,,RS,,,,,RS,,,,,green,835,835.0
db66c5ee-77b3-490a-96fd-5f7265ceef6f,2025-03-12,1900-01-01 13:57:00,Yes,RS,,,,,RS,,,,,RS,,,,,green,837,837.0
b01163b1-c0c3-4dfb-bbdd-13e4ebbfd83f,2025-03-12,1900-01-01 13:59:00,,RS,,,,,E,,,,,RS,,,,,,839,839.0
09e9b20f-ed95-4389-9643-d7a56b48c17e,2025-03-12,1900-01-01 14:01:00,,RS,,,,,E,,,,,M,,,,,,841,841.0
c2021bc8-d46f-47e4-8a32-24726700a0b6,2025-03-12,1900-01-01 14:03:00,,RS,,,,,E,,,,,DS,,,,Pan hoot with stick,,843,843.0
7e373872-3d0f-4779-889f-01102d52128e,2025-03-12,1900-01-01 14:05:00,,RS,,,,,RS,,,,,DS,,,,,,845,845.0
ecfc7357-f1d3-4a3e-9c03-68040660035b,2025-03-12,1900-01-01 14:07:00,,RS,,,,,DS,,NH,,Towards cage c,DS,,ST,,Towards cage c,,847,847.0
9de25b42-d6c4-4733-b67e-5080ea954b05,2025-03-12,1900-01-01 14:09:00,,M,,,,,DS,,NH,,,DS,,ST,,,,849,849.0
716dd358-b7b0-4171-a828-5d225003d53f,2025-03-12,1900-01-01 14:11:00,,M,,,NH,,M,,,,,M,,,MS,,,851,851.0
ef3e2538-c34d-43fc-ae0a-fef75ef9885a,2025-03-12,1900-01-01 14:13:00,,M,,"ST, NH",,,M,"MS, NH",,,,M,"MS, ST",,,,,853,853.0
ea7d26db-893a-41d3-a009-a47b8abafac0,2025-03-12,1900-01-01 14:15:00,,M,,,"ST, NH",,M,,,"MS, NH",,M,,,"MS, ST",,,855,855.0
e64878dc-4edc-4aa4-96cc-19323167fd56,2025-03-12,1900-01-01 14:17:00,,M,,,,,M,,,,,M,,,,,,857,857.0
5908544b-5abb-4767-bba8-c90a1983a110,2025-03-12,1900-01-01 14:19:00,,RS,,,"NH, ST",,RS,,,"MS, NH",,RS,,,"MS, ST",They look at the aggression in cage c,,859,859.0
7042277d-2331-47be-9021-80a990a01672,2025-03-12,1900-01-01 14:21:00,,RS,,,,,M,,,,Looking at aggressions in cage c,DS,,,,,,861,861.0
6bb292c5-bb00-4353-8859-5fe9e4c53830,2025-03-12,1900-01-01 14:23:00,,RS,,,,,RS,,,,,RS,,,,,,863,863.0
6a7aa4e4-5296-451a-8627-1378eea5bb13,2025-03-12,1900-01-01 14:25:00,,RS,,,,,SD,,,,,M,,,,,,865,865.0
eb57ce1a-0fc2-4b11-bece-1a215981a5a6,2025-03-12,1900-01-01 14:27:00,,PL,,NH,,,RS,,,,,PL,MS,,,,,867,867.0
8990c4d8-5028-4750-bd62-d9a5a9c7316e,2025-03-12,1900-01-01 14:29:00,,PL,,"ST, NH",,,PL,,"MS, NH",,,PL,,"MS, ST",,,,869,869.0
dc3aec7b-e4dd-4d84-a00e-141b3b5bf6d7,2025-03-12,1900-01-01 14:31:00,,RS,,,,,PL,,NH,,,PL,,ST,,,,871,871.0
68034f87-5cf4-443b-b05a-9922cae909ee,2025-03-12,1900-01-01 14:33:00,,RS,ST,NH,,,RS,MS,,NH,,RS,,MS,ST,,,873,873.0
22280968-7cb0-46e1-b88a-e0a56934f328,2025-03-12,1900-01-01 14:35:00,,PL,ST,,,,PL,MS,,,,RS,,,,,red,875,875.0
2798817d-708f-48c2-8a1b-c57dcac4b1e2,2025-03-12,1900-01-01 14:37:00,Yes,PL,ST,,,,PL,MS,,,,RS,,,,,green,877,877.0
e374d507-c698-46b2-ac5d-3d12fd2b12cd,2025-03-12,1900-01-01 14:39:00,Yes,PL,ST,,,,PL,MS,,,,RS,,,,,green,879,879.0
7814adef-1d0d-45b6-b431-04d4ddee7b74,2025-03-12,1900-01-01 14:41:00,,PL,,ST,NH,,PL,MS,,NH,,RS,,,"MS, ST",,,881,881.0
18d2059f-0ab6-4768-9201-af2906e3e05a,2025-03-12,1900-01-01 14:43:00,,PL,ST,,,,PL,MS,,,,RS,,,,,red,883,883.0
db2628fe-4b78-44c8-a4e7-5dfcb547086e,2025-03-12,1900-01-01 14:45:00,Yes,PL,ST,,,,PL,MS,,,,RS,,,,,green,885,885.0
e108d2d9-06fd-4231-b3c4-684d67d7b987,2025-03-19,1900-01-01 09:34:00,,E,,,,,E,,,,,E,,,,,red,574,574.0
5f2bf525-4882-48f1-964a-80ba3abafd0d,2025-03-19,1900-01-01 09:36:00,Yes,E,,,,,E,,,,,E,,,,,green,576,576.0
516cd68d-c5d0-41de-ac22-005f99fd7669,2025-03-19,1900-01-01 09:38:00,Yes,E,,,,,E,,,,,E,,,,,green,578,578.0
3a68c0f7-06b2-47f0-9647-424e5c9858f1,2025-03-19,1900-01-01 09:40:00,Yes,E,,,,,E,,,,,E,,,,,green,580,580.0
ae58cb96-413e-4bd7-9494-1efe8a45b2d4,2025-03-19,1900-01-01 09:42:00,,E,,,,,E,,,,,E,,,,,red,582,582.0
5fed8bf0-f88b-4f3e-86f9-c8593ef8ec14,2025-03-19,1900-01-01 09:44:00,Yes,E,,,,,E,,,,,E,,,,,green,584,584.0
5fb9ab6b-13fe-435c-9578-812c973d8473,2025-03-19,1900-01-01 09:46:00,Yes,E,,,,,E,,,,,E,,,,,green,586,586.0
92e06312-2b60-4faf-b144-4f1df22a877a,2025-03-19,1900-01-01 09:48:00,,M,,,,,E,,,,,RS,,,,,,588,588.0
32f6c889-a3fc-4a4b-9e09-bafe85b9b98b,2025-03-19,1900-01-01 09:50:00,,RS,,,,,RS,,,,,RS,,,,,red,590,590.0
55474f49-0e09-4b2d-b005-daa4fc61693d,2025-03-19,1900-01-01 09:52:00,Yes,RS,,,,,RS,,,,,RS,,,,,green,592,592.0
982f291a-3559-41f0-b90c-d11772377a01,2025-03-19,1900-01-01 09:54:00,,M,,,,,RS,,,,,RS,,,,,red,594,594.0
c7ab0280-77d0-4730-aa6c-8b565de3c68f,2025-03-19,1900-01-01 09:56:00,Yes,M,,,,,RS,,,,,RS,,,,,green,596,596.0
f28a33f0-ff36-421f-b939-a3698a23c932,2025-03-19,1900-01-01 09:58:00,Yes,M,,,,,RS,,,,,RS,,,,,green,598,598.0
c50962a9-4c31-4801-82f2-8b29bf6d2627,2025-03-19,1900-01-01 10:00:00,Yes,M,,,,,RS,,,,,RS,,,,,green,600,600.0
ff14566b-5640-4c59-8da7-5b4b1f9f54dc,2025-03-19,1900-01-01 10:02:00,Yes,M,,,,,RS,,,,,RS,,,,,green,602,602.0
2d4618d0-79df-4859-8763-19fd2e25e3a3,2025-03-19,1900-01-01 10:04:00,,RS,,NH,,,RS,,,,,RS,,MS,,,,604,604.0
3882a444-6d1e-4f9b-a09a-e59fde0fbed1,2025-03-19,1900-01-01 10:06:00,,RS,,"ST, NH",,,RS,,"MS, NH",,,RS,,"MS, ST",,,red,606,606.0
39f09b72-f1a3-404c-a048-74071700f9d8,2025-03-19,1900-01-01 10:08:00,Yes,RS,,"ST, NH",,,RS,,"MS, NH",,,RS,,"MS, ST",,,green,608,608.0
635b2c6f-3f05-4102-bbd9-fb4116266100,2025-03-19,1900-01-01 10:10:00,Yes,RS,,"ST, NH",,,RS,,"MS, NH",,,RS,,"MS, ST",,,green,610,610.0
325fd36a-4cb0-4f44-9e81-afb4b80bb43c,2025-03-19,1900-01-01 10:12:00,Yes,RS,,"ST, NH",,,RS,,"MS, NH",,,RS,,"MS, ST",,,green,612,612.0
24ebbb43-c65b-4149-89f3-9c9e20180105,2025-03-19,1900-01-01 10:14:00,Yes,RS,,"ST, NH",,,RS,,"MS, NH",,,RS,,"MS, ST",,,green,614,614.0
f535a241-0272-4d70-868a-b4d67ed6d3bf,2025-03-19,1900-01-01 10:16:00,Yes,RS,,"ST, NH",,,RS,,"MS, NH",,,RS,,"MS, ST",,,green,616,616.0
8c84c831-e5d7-4535-8c1f-b7f0bf6c3006,2025-03-19,1900-01-01 10:18:00,Yes,RS,,"ST, NH",,,RS,,"MS, NH",,,RS,,"MS, ST",,,green,618,618.0
3c48babf-81ef-4836-922e-29f6b3d685b7,2025-03-19,1900-01-01 10:20:00,Yes,RS,,"ST, NH",,,RS,,"MS, NH",,,RS,,"MS, ST",,,green,620,620.0
27d9f97d-01f6-4890-9682-8631218ba097,2025-03-19,1900-01-01 10:23:00,Yes,RS,,"ST, NH",,,RS,,"MS, NH",,,RS,,"MS, ST",,,green,623,622.0
8e0e9bda-f0f2-4893-9a55-e5bff0343203,2025-03-19,1900-01-01 10:24:00,Yes,RS,,"ST, NH",,,RS,,"MS, NH",,,RS,,"MS, ST",,,green,624,624.0
52bb2c76-82e8-417d-8f56-ba9c29b82fc1,2025-03-19,1900-01-01 10:26:00,Yes,RS,,"ST, NH",,,RS,,"MS, NH",,,RS,,"MS, ST",,,green,626,626.0
f734488e-5878-4ca8-acb8-24c88e178f89,2025-03-19,1900-01-01 10:28:00,Yes,RS,,"ST, NH",,,RS,,"MS, NH",,,RS,,"MS, ST",,,green,628,628.0
220d17f8-bf34-4ac9-9a64-dd4dc18ad215,2025-03-19,1900-01-01 10:31:00,Yes,RS,,"ST, NH",,,RS,,"MS, NH",,,RS,,"MS, ST",,,green,631,630.0
a58ec498-97ce-4d63-8a47-8804b0334f0f,2025-03-19,1900-01-01 10:47:00,,RS,,,,,RS,,,,,RS,,,,,red,647,647.0
4ba23e58-e0d0-4b9a-8b6b-c1a52c4939d5,2025-03-19,1900-01-01 10:48:00,Yes,RS,,,,,RS,,,,,RS,,,,,green,648,649.0
ee828b69-bb4a-4d6c-8819-001347e574ed,2025-03-19,1900-01-01 10:50:00,Yes,RS,,,,,RS,,,,,RS,,,,,green,650,651.0
fbec93bd-72dc-4458-bc54-ffdde2385077,2025-03-19,1900-01-01 10:52:00,Yes,RS,,,,,RS,,,,,RS,,,,,green,652,653.0
df2d8682-6a98-458a-93bf-85ba3f31b9d5,2025-03-19,1900-01-01 10:54:00,Yes,RS,,,,,RS,,,,,RS,,,,,green,654,655.0
67fd9e3f-b494-4ce0-a0ea-1de6e45b77fa,2025-03-19,1900-01-01 10:56:00,Yes,RS,,,,,RS,,,,,RS,,,,,green,656,657.0
4138543c-2230-49f2-baea-b14de8364622,2025-03-19,1900-01-01 10:58:00,Yes,RS,,,,,RS,,,,,RS,,,,,green,658,659.0
cdb9f247-5c8f-4b4b-b674-9189267f9a95,2025-03-19,1900-01-01 11:00:00,,GG,NH,,,,RS,,,,,GR,MS,,,,red,660,661.0
dd5633b2-9041-4da6-9ac0-b7ff5de80156,2025-03-19,1900-01-01 11:02:00,Yes,GG,NH,,,,RS,,,,,GR,MS,,,,green,662,663.0
7a2b2061-3c52-495e-b9c3-98afc5a4f161,2025-03-19,1900-01-01 11:04:00,,RS,,NH,,,RS,,,,,RS,,MS,,,red,664,665.0
41a0bb79-51c5-43bf-878d-a2737827075b,2025-03-19,1900-01-01 11:06:00,Yes,RS,,NH,,,RS,,,,,RS,,MS,,,green,666,667.0
25e240cb-32a8-4490-a68c-2d527cc937f4,2025-03-19,1900-01-01 11:08:00,,RS,,,NH,,RS,,,,,RS,,,MS,,red,668,669.0
d64b355c-5b2c-4fb2-bda5-a10530248c9c,2025-03-19,1900-01-01 11:10:00,Yes,RS,,,NH,,RS,,,,,RS,,,MS,,green,670,671.0
3eaedc87-be9f-465f-8a01-60324e2c1317,2025-03-19,1900-01-01 11:12:00,Yes,RS,,,NH,,RS,,,,,RS,,,MS,,green,672,673.0
78247034-6bf0-41b6-98a4-3fa2f11c73d7,2025-03-19,1900-01-01 11:15:00,,RS,,,,,RS,,,,,RS,,,,,,675,675.0
bc01686f-db3e-4f9b-b34c-f6aee5cf6998,2025-03-19,1900-01-01 11:16:00,,RS,,,,,RS,,NH,,,RS,,ST,,,red,676,677.0
3f5ad5d9-486a-4515-b319-1a203b11aa9b,2025-03-19,1900-01-01 11:18:00,Yes,RS,,,,,RS,,NH,,,RS,,ST,,,green,678,679.0
40a7b1f1-0a75-445e-ad78-f6804f70d4ad,2025-03-19,1900-01-01 11:20:00,Yes,RS,,,,,RS,,NH,,,RS,,ST,,,green,680,681.0
36defb0e-d516-46bf-b22e-2122cf6ca8f5,2025-03-19,1900-01-01 11:22:00,Yes,RS,,,,,RS,,NH,,,RS,,ST,,,green,682,683.0
a5d226d9-0d72-4c94-ba89-305a44151149,2025-03-19,1900-01-01 11:24:00,,RS,,,"ST, NH",,RS,,NH,MS,,RS,,ST,MS,,red,684,685.0
c15ae642-dc1d-4515-a967-91e48e52a15d,2025-03-19,1900-01-01 11:26:00,Yes,RS,,,"ST, NH",,RS,,NH,MS,,RS,,ST,MS,,green,686,687.0
b818f877-30f9-41c6-9f76-5b9a21c12446,2025-03-19,1900-01-01 11:28:00,Yes,RS,,,"ST, NH",,RS,,NH,MS,,RS,,ST,MS,,green,688,689.0
034cdb83-5128-42bb-a8db-16403f53f9e9,2025-03-19,1900-01-01 11:30:00,Yes,RS,,,"ST, NH",,RS,,NH,MS,,RS,,ST,MS,,green,690,691.0
f54df439-058d-4d69-bfaf-d3c5a01853cf,2025-03-19,1900-01-01 11:32:00,Yes,RS,,,"ST, NH",,RS,,NH,MS,,RS,,ST,MS,,green,692,693.0
35d72b35-a7b8-4442-a9ea-ab9d04555019,2025-03-19,1900-01-01 11:34:00,,RS,,ST,,,RS,,MS,,,RS,,,,,red,694,695.0
730884a2-e35d-4404-91f1-25cf891ef1e2,2025-03-19,1900-01-01 11:36:00,Yes,RS,,ST,,,RS,,MS,,,RS,,,,,green,696,697.0
4a187ac4-22c4-44ab-819e-677afc149377,2025-03-19,1900-01-01 11:38:00,,RS,,ST,NH,,RS,,MS,NH,,RS,,,"MS, ST",,red,698,699.0
e64c7690-2878-42ae-bf44-846a24f25a20,2025-03-19,1900-01-01 11:40:00,Yes,RS,,ST,NH,,RS,,MS,NH,,RS,,,"MS, ST",,green,700,701.0
2f3a3c9f-8591-4ae6-b240-f542bbead959,2025-03-19,1900-01-01 11:42:00,Yes,RS,,ST,NH,,RS,,MS,NH,,RS,,,"MS, ST",,green,702,703.0
ee10a363-7dfa-4364-8d67-fa10cb709861,2025-03-19,1900-01-01 11:44:00,,RS,ST,,,,RS,MS,,,,RS,,,,,,704,705.0
cff8c3a7-e8cd-42fd-a67d-1201873aee1c,2025-03-19,1900-01-01 11:46:00,NO,RS,,,,,RS,,,,,RS,,,,,,706,
002d4702-31bd-43b6-9f5b-9f71e058dd67,2025-03-19,1900-01-01 13:21:00,Yes,E,,,,,E,,,,,E,,,,,green,801,801.0
dc6018de-1c32-4292-898e-6f6118bc1fdc,2025-03-19,1900-01-01 13:23:00,,E,,,,,E,,,,,E,,,,,red,803,803.0
ca503418-2700-48cf-853f-b04eee06b0ee,2025-03-19,1900-01-01 13:23:00,Yes,E,,,,,E,,,,,E,,,,,green,803,
f03018bd-1717-4027-ac82-6dc9acc5ad4a,2025-03-19,1900-01-01 13:25:00,Yes,E,,,,,E,,,,,E,,,,,green,805,805.0
db54dc3b-d099-459e-9ea5-6e9de6f7bc4c,2025-03-19,1900-01-01 13:27:00,Yes,E,,,,,E,,,,,E,,,,,green,807,807.0
c3dc0df8-a5d7-43d0-81c8-c50f6da41d01,2025-03-19,1900-01-01 13:29:00,Yes,E,,,,,E,,,,,E,,,,,green,809,809.0
787da746-4723-4b78-8846-38f39b72d55a,2025-03-19,1900-01-01 13:31:00,Yes,E,,,,,E,,,,,E,,,,,green,811,811.0
c1824049-2805-4377-a6b8-2767e6fc3ec5,2025-03-19,1900-01-01 13:33:00,,RS,,,,,E,,,,,RS,,,,,red,813,813.0
30a178db-c4ea-4a68-b557-abe361bc97e5,2025-03-19,1900-01-01 13:36:00,Yes,RS,,,,,E,,,,,RS,,,,,green,816,815.0
e9f1bf47-7683-4fc9-bd2d-e4309ed623c5,2025-03-19,1900-01-01 13:38:00,Yes,RS,,,,,E,,,,,RS,,,,,green,818,817.0
36600ba1-d7cb-41a0-ab85-4df48503f064,2025-03-19,1900-01-01 13:39:00,Yes,RS,,,,,E,,,,,RS,,,,,green,819,819.0
d2e15480-0f3d-4655-bf38-12efa2874060,2025-03-19,1900-01-01 13:42:00,Yes,RS,,,,,E,,,,,RS,,,,,green,822,821.0
6d99cf3f-4e24-4cff-a6b6-44096d525a13,2025-03-19,1900-01-01 13:43:00,Yes,RS,,,,,E,,,,,RS,,,,,green,823,823.0
f644a037-5785-47a9-9f86-957c2ad6932f,2025-03-19,1900-01-01 13:45:00,Yes,RS,,,,,E,,,,,RS,,,,,green,825,825.0
4edda640-a771-46ff-9665-bcc0082f1f5b,2025-03-19,1900-01-01 13:47:00,Yes,RS,,,,,E,,,,,RS,,,,,green,827,827.0
608c174f-b765-4815-bef5-eaea28f0ad15,2025-03-19,1900-01-01 13:49:00,Yes,RS,,,,,E,,,,,RS,,,,,green,829,829.0
bd317704-ab6b-4bed-a579-0ed30beb280e,2025-03-19,1900-01-01 13:52:00,,RS,,,,,RS,,,,,RS,,,,,red,832,831.0
1d719107-ca53-47e0-9251-90156832bb4a,2025-03-19,1900-01-01 13:53:00,Yes,RS,,,,,RS,,,,,RS,,,,,green,833,833.0
a8ecce66-877c-45d8-a529-a2c16a11fcb0,2025-03-19,1900-01-01 13:55:00,Yes,RS,,,,,RS,,,,,RS,,,,,green,835,835.0
3c25f85a-7bd9-4a27-bc65-6f4e1c456780,2025-03-19,1900-01-01 13:57:00,,RS,,,,,RS,,,,,E,,,,,,837,837.0
7c0d4f94-1d21-42d8-8284-5a7640677efa,2025-03-19,1900-01-01 13:59:00,,RS,NH,ST,,,RS,,"MS, NH",,,RS,MS,ST,,,red,839,839.0
f7746798-d3a9-42ca-9134-c7b016ca15a6,2025-03-19,1900-01-01 14:01:00,Yes,RS,NH,ST,,,RS,,"MS, NH",,,RS,MS,ST,,,green,841,841.0
e378c01a-ce4e-441b-8015-5defccb7ee62,2025-03-19,1900-01-01 14:03:00,Yes,RS,NH,ST,,,RS,,"MS, NH",,,RS,MS,ST,,,green,843,843.0
500cac88-6002-45a8-a41c-0d2005810d38,2025-03-19,1900-01-01 14:05:00,,RS,NH,ST,,,SD,,"MS, NH",,,RS,MS,ST,,,red,845,845.0
775f0e8b-127f-4f77-a804-7d2090800f95,2025-03-19,1900-01-01 14:07:00,Yes,RS,NH,ST,,,SD,,"MS, NH",,,RS,MS,ST,,,green,847,847.0
0d85c3d0-cd8d-44cf-89fe-eb5fce389f37,2025-03-19,1900-01-01 14:09:00,Yes,RS,NH,ST,,,SD,,"MS, NH",,,RS,MS,ST,,,green,849,849.0
3181d1a7-d2a4-405f-ad84-5dd4a6baf0e4,2025-03-19,1900-01-01 14:11:00,Yes,RS,NH,ST,,,SD,,"MS, NH",,,RS,MS,ST,,,green,851,851.0
f69b8f83-ad8e-4a6e-9d0d-2e83dfd9b0b6,2025-03-19,1900-01-01 14:14:00,Yes,RS,NH,ST,,,SD,,"MS, NH",,,RS,MS,ST,,,green,854,853.0
c64976e4-b92a-490c-8d70-6399a823cf7c,2025-03-19,1900-01-01 14:15:00,Yes,RS,NH,ST,,,SD,,"MS, NH",,,RS,MS,ST,,,green,855,855.0
29b2f016-39e7-43cd-9965-2374f0adc7f1,2025-03-19,1900-01-01 14:17:00,Yes,RS,NH,ST,,,SD,,"MS, NH",,,RS,MS,ST,,,green,857,857.0
5bf2548f-874b-4955-90bc-c064ec4d08f7,2025-03-19,1900-01-01 14:19:00,,RS,,"ST, NH",,,GR,NH,MS,,,GG,ST,MS,,,,859,859.0
4f03c7a2-3fd6-4035-8706-e1649c08ab13,2025-03-19,1900-01-01 14:21:00,,RS,,"ST, NH",,,SD,,"MS, NH",,,RS,,"MS, ST",,,red,861,861.0
38c04224-48b7-46ed-b82a-4502e6a107ba,2025-03-19,1900-01-01 14:23:00,Yes,RS,,"ST, NH",,,SD,,"MS, NH",,,RS,,"MS, ST",,,green,863,863.0
787467a0-e8af-4f5a-9a19-8e46940d3067,2025-03-19,1900-01-01 14:25:00,Yes,RS,,"ST, NH",,,SD,,"MS, NH",,,RS,,"MS, ST",,,green,865,865.0
2a57ff87-ec81-4502-af04-3c83beaa1285,2025-03-19,1900-01-01 14:27:00,Yes,RS,,"ST, NH",,,SD,,"MS, NH",,,RS,,"MS, ST",,,green,867,867.0
75b006b5-fb5d-4b03-83e4-a83b000ca396,2025-03-19,1900-01-01 14:29:00,Yes,RS,,"ST, NH",,,SD,,"MS, NH",,,RS,,"MS, ST",,,green,869,869.0
7232af5c-31dc-485b-b99d-ce95c34b6f10,2025-03-19,1900-01-01 14:31:00,Yes,RS,,"ST, NH",,,SD,,"MS, NH",,,RS,,"MS, ST",,,green,871,871.0
de19c6cd-8e2e-4b64-bbeb-2c2beb3fd335,2025-03-19,1900-01-01 14:33:00,Yes,RS,,"ST, NH",,,SD,,"MS, NH",,,RS,,"MS, ST",,,green,873,873.0
6b309646-f527-4d6c-99ac-e4dee2b8f65a,2025-03-19,1900-01-01 14:36:00,Yes,RS,,"ST, NH",,,SD,,"MS, NH",,,RS,,"MS, ST",,,green,876,875.0
95270688-3463-4d57-96f4-b0e9f2ffed9f,2025-03-19,1900-01-01 14:37:00,NO,RS,,"ST, NH",,,SD,,"MS, NH",,,RS,,"MS, ST",,,red,877,877.0
23273a7b-99d9-4284-aa9b-2454c47fbd12,2025-03-19,1900-01-01 14:39:00,Yes,RS,,"ST, NH",,,SD,,"MS, NH",,,RS,,"MS, ST",,,green,879,879.0
e338eb7c-cfed-4059-b0f1-72f8c930e3af,2025-03-19,1900-01-01 14:41:00,Yes,RS,,"ST, NH",,,SD,,"MS, NH",,,RS,,"MS, ST",,,green,881,881.0
029ce775-6c31-4316-9187-2fb2eef1f3a2,2025-03-19,1900-01-01 14:43:00,Yes,RS,,"ST, NH",,,SD,,"MS, NH",,,RS,,"MS, ST",,,green,883,883.0
3146f6b2-4325-49b6-baf5-67935c1159f7,2025-03-19,1900-01-01 14:45:00,Yes,RS,,"ST, NH",,,SD,,"MS, NH",,,RS,,"MS, ST",,,green,885,885.0
2c41487d-9513-4bdd-a97e-db9f8910e993,2025-03-20,1900-01-01 09:35:00,NO,E,,NH,,,E,,,,,E,,MS,,,red,575,574.0
b592b0e6-2b29-4b31-9b8d-d6481634aee2,2025-03-20,1900-01-01 09:37:00,Yes,E,,NH,,,E,,,,,E,,MS,,,green,577,576.0
4e62aed7-3013-43a8-bc40-bdab1f472f50,2025-03-20,1900-01-01 09:39:00,,E,,,NH,,E,,,,,RS,,,MS,,red,579,578.0
3e4c2f11-97fc-4345-944c-659d777c5210,2025-03-20,1900-01-01 09:41:00,Yes,E,,,NH,,E,,,,,RS,,,MS,,green,581,580.0
091adcfa-35da-4cd8-87d5-bee20808adbe,2025-03-20,1900-01-01 09:43:00,Yes,E,,,NH,,E,,,,,RS,,,MS,,green,583,582.0
d6c25e52-3b13-4dee-aefc-edb122930e66,2025-03-20,1900-01-01 09:45:00,Yes,E,,,NH,,E,,,,,RS,,,MS,,green,585,584.0
92f87e0d-55fd-4c62-a1e6-bd5b69c98027,2025-03-20,1900-01-01 09:47:00,Yes,E,,,NH,,E,,,,,RS,,,MS,,green,587,586.0
8ff9a439-218b-4e0c-b26b-130de25f8e44,2025-03-20,1900-01-01 09:49:00,Yes,E,,,NH,,E,,,,,RS,,,MS,,green,589,588.0
3b12c7ba-3730-490b-a6eb-940629f1a4b7,2025-03-20,1900-01-01 09:51:00,,E,,NH,,,RS,,,,,RL,,MS,,,red,591,590.0
9982765d-947d-4f41-be21-861841f3b944,2025-03-20,1900-01-01 09:53:00,Yes,E,,NH,,,RS,,,,,RL,,MS,,,green,593,592.0
e151e8b5-81d5-434c-a257-8c7b70971197,2025-03-20,1900-01-01 09:55:00,Yes,E,,NH,,,RS,,,,,RL,,MS,,,green,595,594.0
5a027925-1237-4eb0-a900-47542cdc1636,2025-03-20,1900-01-01 09:57:00,Yes,E,,NH,,,RS,,,,,RL,,MS,,,green,597,596.0
2ba9344f-6ef7-4831-9a49-1757ccdc38e6,2025-03-20,1900-01-01 09:59:00,Yes,E,,NH,,,RS,,,,,RL,,MS,,,green,599,598.0
9ef98eaf-0f18-437a-a482-2e989a1688c5,2025-03-20,1900-01-01 10:01:00,Yes,E,,NH,,,RS,,,,,RL,,MS,,,green,601,600.0
1350bafd-7cbd-4afa-99a5-f4c800b349ae,2025-03-20,1900-01-01 10:03:00,Yes,E,,NH,,,RS,,,,,RL,,MS,,,green,603,602.0
ae66f228-4560-4d6f-a729-6e07a88b5b21,2025-03-20,1900-01-01 10:05:00,,RS,,NH,,,RS,,,,,RS,,MS,,,red,605,604.0
da74932b-bf68-4efa-bedd-640e5384901f,2025-03-20,1900-01-01 10:07:00,Yes,RS,,NH,,,RS,,,,,RS,,MS,,,green,607,606.0
7898e095-cf43-4f10-aa22-2cdd02d65aaa,2025-03-20,1900-01-01 10:09:00,,RS,,NH,,,M,,,,,RS,,MS,,,,609,608.0
7530137b-8e16-436a-8822-bc20f17b2a1e,2025-03-20,1900-01-01 10:11:00,,RS,,NH,,,RS,,,,,RS,,MS,,,red,611,610.0
07091bf3-8de6-4235-93c3-a16404a09460,2025-03-20,1900-01-01 10:13:00,Yes,RS,,NH,,,RS,,,,,RS,,MS,,,green,613,612.0
1be834a2-0ea2-4a10-bee7-19ade44618dd,2025-03-20,1900-01-01 10:15:00,Yes,RS,,NH,,,RS,,,,,RS,,MS,,,green,615,614.0
8183a40d-8050-472b-9f8d-09fb8c804a95,2025-03-20,1900-01-01 10:17:00,NO,RS,,NH,,,RS,,,,,RS,,MS,,,red,617,616.0
1a1831ee-dcc5-4e12-8fb7-01148b3971e8,2025-03-20,1900-01-01 10:19:00,Yes,RS,,NH,,,RS,,,,,RS,,MS,,,green,619,618.0
c8b35c03-b4ac-469b-955a-2a5c804ff4d6,2025-03-20,1900-01-01 10:21:00,Yes,RS,,NH,,,RS,,,,,RS,,MS,,,green,621,620.0
f19aa221-8bed-4b6f-ab79-219adf4631b5,2025-03-20,1900-01-01 10:23:00,Yes,RS,,NH,,,RS,,,,,RS,,MS,,,green,623,622.0
ade8e0ed-9702-4018-8e09-d938a117a2bb,2025-03-20,1900-01-01 10:25:00,Yes,RS,,NH,,,RS,,,,,RS,,MS,,,green,625,624.0
eafa3475-5cdf-49b7-a7ff-adea0fa9622f,2025-03-20,1900-01-01 10:27:00,Yes,RS,,NH,,,RS,,,,,RS,,MS,,,green,627,626.0
5a05af1c-1627-4a58-a241-75a1af4e3c8c,2025-03-20,1900-01-01 10:29:00,Yes,RS,,NH,,,RS,,,,,RS,,MS,,,green,629,628.0
ada60024-e0ef-4431-ae72-b952ece0933d,2025-03-20,1900-01-01 10:31:00,Yes,RS,,NH,,,RS,,,,,RS,,MS,,,green,631,630.0
495e069f-140f-489d-832e-449c9c0f6b4f,2025-03-20,1900-01-01 10:33:00,Yes,RS,,NH,,,RS,,,,,RS,,MS,,,green,633,
13823e6b-c3e7-4f4a-8a8d-477c0bbdad02,2025-03-20,1900-01-01 10:35:00,Yes,RS,,NH,,,RS,,,,,RS,,MS,,,green,635,
4e222181-1f96-4d07-adba-a42594fd4775,2025-03-20,1900-01-01 10:37:00,NO,RS,,NH,,,RS,,,,,RS,,MS,,,red,637,
dc1452a5-08d7-4c16-8f3d-ac9c486cc8fd,2025-03-20,1900-01-01 10:39:00,Yes,RS,,NH,,,RS,,,,,RS,,MS,,,green,639,
219c008a-083c-46dd-bf53-21b26c856009,2025-03-20,1900-01-01 10:41:00,Yes,RS,,NH,,,RS,,,,,RS,,MS,,,green,641,
4c55be09-db3d-4206-a99f-b9dc4fec7a94,2025-03-20,1900-01-01 10:43:00,,E,,,,,SD,,,,,RS,,,,,,643,
59005f5b-9ba5-4480-9fad-4854df49142e,2025-03-20,1900-01-01 10:45:00,NO,RS,,NH,,,SD,,,,,RS,,MS,,,red,645,645.0
42f4ac7d-8997-4c95-99e7-841a785f1219,2025-03-20,1900-01-01 10:47:00,Yes,RS,,NH,,,SD,,,,,RS,,MS,,,green,647,647.0
74e85f14-8a62-4a72-9c1b-600b427f9383,2025-03-20,1900-01-01 10:49:00,,RS,,,NH,,SD,,,,,RL,,,MS,,red,649,649.0
7d232601-ed73-4fd8-a0c6-170c4af96e9f,2025-03-20,1900-01-01 10:51:00,Yes,RS,,,NH,,SD,,,,,RL,,,MS,,green,651,651.0
9a7c2e68-09a1-4259-bf54-8a4826654bdb,2025-03-20,1900-01-01 10:53:00,Yes,RS,,,NH,,SD,,,,,RL,,,MS,,green,653,653.0
6c9e8c54-6d79-4f94-adf7-89fbccf05018,2025-03-20,1900-01-01 10:55:00,,RS,,,NH,,RL,,,,,RS,,,MS,,red,655,655.0
23e3f0ce-392a-430a-bc00-0773a92dd49d,2025-03-20,1900-01-01 10:57:00,Yes,RS,,,NH,,RL,,,,,RS,,,MS,,green,657,657.0
d8bca03c-c607-4f8a-b7ae-a0af1707a5de,2025-03-20,1900-01-01 10:59:00,Yes,RS,,,NH,,RL,,,,,RS,,,MS,,green,659,659.0
5f6660db-a1ef-4f9a-aa68-646528604c73,2025-03-20,1900-01-01 11:01:00,Yes,RS,,,NH,,RL,,,,,RS,,,MS,,green,661,661.0
4dac63c8-3e6a-477c-a10c-18b9cd56290d,2025-03-20,1900-01-01 11:03:00,Yes,RS,,,NH,,RL,,,,,RS,,,MS,,green,663,663.0
8de082dc-5175-4866-9561-d429594af543,2025-03-20,1900-01-01 11:05:00,Yes,RS,,,NH,,RL,,,,,RS,,,MS,,green,665,665.0
763005dd-71cf-485d-b23c-fcadeeec1804,2025-03-20,1900-01-01 11:07:00,,RS,,NH,,,RL,,,,,RL,,MS,,,red,667,667.0
9ca1035e-1a13-47c7-b63c-9811d51a12db,2025-03-20,1900-01-01 11:09:00,Yes,RS,,NH,,,RL,,,,,RL,,MS,,,green,669,669.0
befa58d2-150e-4892-9ecf-3f55323a084d,2025-03-20,1900-01-01 11:11:00,Yes,RS,,NH,,,RL,,,,,RL,,MS,,,green,671,671.0
97949e5f-82f0-4c1d-b5cd-cc1fe491ccf0,2025-03-20,1900-01-01 11:14:00,,RS,,NH,,,M,,,,,RL,,MS,,,red,674,673.0
0513402a-2907-4d1e-9158-eb78d03b4c6e,2025-03-20,1900-01-01 11:15:00,Yes,RS,,NH,,,M,,,,,RL,,MS,,,green,675,675.0
c54bcf6d-3ebd-4ea6-8c4f-5500c0fab4f2,2025-03-20,1900-01-01 11:18:00,NO,RS,,,,,M,,,,,M,,,,,,678,677.0
99548bac-d5cf-4406-8245-72f78d3f73f5,2025-03-20,1900-01-01 11:19:00,NO,RS,,,,,RS,,,,,RL,,,,,red,679,679.0
9ffe8731-e51f-4e56-b5a9-5187642c1695,2025-03-20,1900-01-01 11:21:00,Yes,RS,,,,,RS,,,,,RL,,,,,green,681,681.0
6e322565-07b1-4a15-8298-7522100bcc04,2025-03-20,1900-01-01 11:23:00,Yes,RS,,,,,RS,,,,,RL,,,,,green,683,683.0
77cb30ca-b094-4c89-8683-db7856528359,2025-03-20,1900-01-01 11:25:00,NO,RS,,,,,M,,,,,RS,,,,,red,685,685.0
0a4962f3-68aa-40d4-93c2-b748c9d65a08,2025-03-20,1900-01-01 11:27:00,Yes,RS,,,,,M,,,,,RS,,,,,green,687,687.0
a043dfe6-d7c2-49d5-a4fa-8148952d5ca9,2025-03-20,1900-01-01 11:29:00,Yes,RS,,,,,M,,,,,RS,,,,,green,689,689.0
dabf23dd-ed76-4118-bcfe-c8d004bfa0f2,2025-03-20,1900-01-01 11:31:00,,RS,,,,,RS,,,,,RS,,,,,red,691,691.0
94144610-5b5a-4b94-b2a1-0d0e10f97e8a,2025-03-20,1900-01-01 11:33:00,Yes,RS,,,,,RS,,,,,RS,,,,,green,693,693.0
f344d4e5-616f-4282-a4d5-41c0d8a5e4d1,2025-03-20,1900-01-01 11:35:00,Yes,RS,,,,,RS,,,,,RS,,,,,green,695,695.0
869fd744-f2ee-453b-8c29-5adbb5934b50,2025-03-20,1900-01-01 11:37:00,Yes,RS,,,,,RS,,,,,RS,,,,,green,697,697.0
c2629ce2-2ba9-4741-853f-7fd1d30bd8f1,2025-03-20,1900-01-01 11:39:00,Yes,RS,,,,,RS,,,,,RS,,,,,green,699,699.0
46f45342-fe20-446e-bd6f-c1cacd9c142d,2025-03-20,1900-01-01 11:41:00,Yes,RS,,,,,RS,,,,,RS,,,,,green,701,701.0
91249ccc-3b3a-4e96-bd6c-a120c8c46203,2025-03-20,1900-01-01 11:43:00,Yes,RS,,,,,RS,,,,,RS,,,,,green,703,703.0
617e2f72-0ca6-4a3f-b0c6-bdc2902e24ea,2025-03-20,1900-01-01 11:45:00,,RS,,,,,RL,,,,,RL,,,,,,705,705.0
f2597dd5-110d-437f-923d-3f210c57466c,2025-03-20,1900-01-01 13:20:00,,RS,NH,,,,E,,,,,E,MS,,,,red,800,799.0
3addd9b4-b0e0-46bb-8e8e-9af9e56d77e9,2025-03-20,1900-01-01 13:22:00,Yes,RS,NH,,,,E,,,,,E,MS,,,,green,802,801.0
e2ffffac-bece-4844-ad27-fc01fbbecba6,2025-03-20,1900-01-01 13:24:00,Yes,RS,NH,,,,E,,,,,E,MS,,,,green,804,803.0
9ea6cecf-a625-480a-b548-1056fb0864aa,2025-03-20,1900-01-01 13:26:00,Yes,RS,NH,,,,E,,,,,E,MS,,,,green,806,805.0
74107cd7-a204-4d7d-9573-87ad00ea6c00,2025-03-20,1900-01-01 13:28:00,Yes,RS,NH,,,,E,,,,,E,MS,,,,green,808,807.0
050f80f5-faab-41b5-bcc0-f7b0e5e12321,2025-03-20,1900-01-01 13:30:00,Yes,RS,NH,,,,E,,,,,E,MS,,,,green,810,809.0
83e88787-2bcc-44eb-b73b-2192ce826cac,2025-03-20,1900-01-01 13:32:00,Yes,RS,NH,,,,E,,,,,E,MS,,,,green,812,811.0
60e1609a-6dda-4a28-85ff-83e4da77f784,2025-03-20,1900-01-01 13:34:00,Yes,RS,NH,,,,E,,,,,E,MS,,,,green,814,813.0
228c9dc8-c911-4774-91e8-ac95251baeb9,2025-03-20,1900-01-01 13:36:00,Yes,RS,NH,,,,E,,,,,E,MS,,,,green,816,815.0
733d539e-97d3-4a90-b648-f77963a48b34,2025-03-20,1900-01-01 13:38:00,Yes,RS,NH,,,,E,,,,,E,MS,,,,green,818,817.0
958ff268-7a50-4c45-8697-847eafc094dd,2025-03-20,1900-01-01 13:40:00,Yes,RS,NH,,,,E,,,,,E,MS,,,,green,820,819.0
4ab6f652-40d2-4750-9885-c3f508011cbc,2025-03-20,1900-01-01 13:42:00,Yes,RS,NH,,,,E,,,,,E,MS,,,,green,822,821.0
1263f6cb-844d-4044-8e7c-9a68fc7729e1,2025-03-20,1900-01-01 13:44:00,Yes,RS,NH,,,,E,,,,,E,MS,,,,green,824,823.0
3439d17d-2aec-4026-a3b4-052b2ebb6482,2025-03-20,1900-01-01 13:46:00,Yes,RS,NH,,,,E,,,,,E,MS,,,,green,826,825.0
c057579e-ae4f-435f-8047-8a814fe4ffe3,2025-03-20,1900-01-01 13:48:00,Yes,RS,NH,,,,E,,,,,E,MS,,,,green,828,827.0
511e16ab-8819-42bd-83e8-ac17573158ae,2025-03-20,1900-01-01 13:50:00,Yes,RS,NH,,,,E,,,,,E,MS,,,,green,830,829.0
1cd5afb4-0624-4654-ae28-300a0a7a71ac,2025-03-20,1900-01-01 13:52:00,NO,E,,,NH,,E,,,,,RS,,,MS,,red,832,831.0
2ad2f981-c3b9-41c8-9033-db02aa11a5d8,2025-03-20,1900-01-01 13:54:00,Yes,E,,,NH,,E,,,,,RS,,,MS,,green,834,833.0
bbc61f7b-58b5-4da6-a443-8b9f435925cc,2025-03-20,1900-01-01 13:56:00,,RS,,,,,RS,,,,,RS,,,,,,836,835.0
a5573bc5-e252-41e3-8124-64fe2b96185d,2025-03-20,1900-01-01 13:58:00,,RS,,,,,M,,,,,M,,,,,,838,837.0
c8ab2e2f-d1b9-4ad6-8239-467e1776f3f0,2025-03-20,1900-01-01 14:00:00,,RS,,,NH,,RS,,,,,RS,,,MS,,red,840,839.0
8e851739-908f-433f-a3c4-e66de1360ae9,2025-03-20,1900-01-01 14:02:00,Yes,RS,,,NH,,RS,,,,,RS,,,MS,,green,842,841.0
1ec28cb8-a1b0-40fc-8848-93fa0340f6df,2025-03-20,1900-01-01 14:04:00,,RS,,,,,M,,,,,RS,,,,,,844,843.0
6b82e91e-84b5-4792-94bd-65f55bb650c9,2025-03-20,1900-01-01 14:06:00,,M,,,,,RS,,,,,RS,,,,,,846,845.0
379888db-439c-477a-8a9d-fb73176d079b,2025-03-20,1900-01-01 14:08:00,,RS,,NH,,,RS,,,,,RS,,MS,,,red,848,847.0
83fc9d51-668a-4fd1-807e-e7a366b27d5e,2025-03-20,1900-01-01 14:10:00,Yes,RS,,NH,,,RS,,,,,RS,,MS,,,green,850,849.0
fa04f078-aae6-4aed-9181-6bea7eaff03a,2025-03-20,1900-01-01 14:12:00,Yes,RS,,NH,,,RS,,,,,RS,,MS,,,green,852,851.0
543f9e23-970e-43c4-a483-4ec61cd09c45,2025-03-20,1900-01-01 14:14:00,,RS,,,,,RS,,,,,RS,,,,,,854,853.0
4d529e6a-2405-4424-99fd-a01fe9ba783d,2025-03-20,1900-01-01 14:16:00,NO,RS,,,NH,,RS,,,,,RS,,,MS,,red,856,855.0
0c54024d-cb3f-4cd7-b9a0-79af6dff443e,2025-03-20,1900-01-01 14:18:00,Yes,RS,,,NH,,RS,,,,,RS,,,MS,,green,858,857.0
57cd4eff-a8d7-4672-bd85-4219ef93379d,2025-03-20,1900-01-01 14:20:00,Yes,RS,,,NH,,RS,,,,,RS,,,MS,,green,860,859.0
4e0eae41-b154-4318-bc42-0df4f478784a,2025-03-20,1900-01-01 14:22:00,Yes,RS,,,NH,,RS,,,,,RS,,,MS,,green,862,861.0
a7b517a2-f126-4db7-b671-eecb7b0ad42e,2025-03-20,1900-01-01 14:24:00,Yes,RS,,,NH,,RS,,,,,RS,,,MS,,green,864,863.0
33830a9e-481c-4ec0-a23c-591e5fb4fcbe,2025-03-20,1900-01-01 14:26:00,,RS,,NH,,,RS,,,,,RS,,MS,,,red,866,865.0
27ad5a5e-ccf0-48ff-ab13-d41f8455d506,2025-03-20,1900-01-01 14:28:00,Yes,RS,,NH,,,RS,,,,,RS,,MS,,,green,868,867.0
aea68bc7-bc5e-4556-8c21-47311c4a1f63,2025-03-20,1900-01-01 14:30:00,NO,RS,,,,,RS,,,,,RS,,,,,red,870,869.0
2352bcb1-b9b2-4c40-bcf8-61862b907203,2025-03-20,1900-01-01 14:32:00,Yes,RS,,,,,RS,,,,,RS,,,,,green,872,871.0
e5ec7d60-9e80-4714-90bf-712331893af1,2025-03-20,1900-01-01 14:34:00,Yes,RS,,,,,RS,,,,,RS,,,,,green,874,873.0
a8610ba2-1b55-408b-af9a-40dd5fd024a8,2025-03-20,1900-01-01 14:36:00,Yes,RS,,,,,RS,,,,,RS,,,,,green,876,875.0
28b3c0dc-a3a2-438c-9099-3228e49467bf,2025-03-20,1900-01-01 14:38:00,Yes,RS,,,,,RS,,,,,RS,,,,,green,878,877.0
17b488b9-8144-4cfe-ba95-37cd87ccf470,2025-03-20,1900-01-01 14:40:00,Yes,RS,,,,,RS,,,,,RS,,,,,green,880,879.0
9e6b746f-c5a7-493c-b572-25118541b4fc,2025-03-20,1900-01-01 14:42:00,NO,RS,,,NH,,RS,,,,,RS,,,MS,,red,882,881.0
9384f43b-25a4-45b3-9cd5-96c30fb7246a,2025-03-20,1900-01-01 14:44:00,Yes,RS,,,NH,,RS,,,,,RS,,,MS,,green,884,883.0
973e7d1f-b983-40ea-b612-0ad695a55a02,2025-03-20,1900-01-01 14:46:00,Yes,RS,,,NH,,RS,,,,,RS,,,MS,,green,886,885.0
732ab5a1-e8f7-4b73-a04c-016abc9397e5,2025-04-08,1900-01-01 09:33:00,,E,,NH,,,E,,,,,E,,MS,,,red,573,572.0
feb694c5-66bc-4ef7-9c14-74b068e4b8b8,2025-04-08,1900-01-01 09:34:00,Yes,E,,NH,,,E,,,,,E,,MS,,,green,574,574.0
03f9008a-5565-453c-a6cd-b65ba60faac3,2025-04-08,1900-01-01 09:36:00,Yes,E,,NH,,,E,,,,,E,,MS,,,green,576,576.0
c2f314cf-c930-4112-a045-1b21f6654321,2025-04-08,1900-01-01 09:38:00,Yes,E,,NH,,,E,,,,,E,,MS,,,green,578,578.0
847d2b75-1c8a-4b3f-b23e-eb0968fa1375,2025-04-08,1900-01-01 09:40:00,,E,,NH,,,M,,,,,RS,,MS,,,,580,580.0
4b65a446-b992-4545-80c3-7cd507ae450e,2025-04-08,1900-01-01 09:42:00,,E,,NH,ST,,RS,,NH,MS,,RS,,MS,ST,,,582,582.0
86cc5f3f-ba9a-4221-83ca-3767d2636eba,2025-04-08,1900-01-01 09:44:00,,E,,"ST, NH",,,RS,,"MS, NH",,,RS,,"ST, MS",,,,584,584.0
c12465ec-77a9-4e81-898a-2ce3932123e9,2025-04-08,1900-01-01 09:46:00,,RS,,ST,,,RS,,MS,,,M,,,,,,586,586.0
6bbf04f5-a590-4e55-9391-40e22d8ef62a,2025-04-08,1900-01-01 09:49:00,,E,,NH,,,RS,,,,,E,,MS,,,,589,588.0
3902683d-f1f8-4fe2-af7c-73b7e9df67f7,2025-04-08,1900-01-01 09:50:00,,E,,NH,,,RS,,,,,RS,,MS,,,,590,590.0
4c1e9e70-fa68-4d93-9960-bb804c6c0a2f,2025-04-08,1900-01-01 09:52:00,,E,,,,,M,,,,,RS,,,,,,592,592.0
d5a37d7f-8462-41e7-95f4-6fa9141533ae,2025-04-08,1900-01-01 09:54:00,,E,,NH,,,RS,,,,,RS,,MS,,,,594,594.0
048a50f4-18b0-4884-afc6-5126200608c0,2025-04-08,1900-01-01 09:56:00,,E,,,NH,,RS,,,,,RS,,,MS,,,596,596.0
ef405cfb-0abc-4559-ad19-5ccba2af3c65,2025-04-08,1900-01-01 09:58:00,,E,,NH,,,RS,,,,,RS,,MS,,,red,598,598.0
760dbec4-0681-4b38-813a-5fc0dce65a4b,2025-04-08,1900-01-01 10:00:00,Yes,E,,NH,,,RS,,,,,RS,,MS,,,green,600,600.0
201e3112-faea-44da-96a3-3cb662e67059,2025-04-08,1900-01-01 10:02:00,Yes,E,,NH,,,RS,,,,,RS,,MS,,,green,602,602.0
f8610f82-ae2f-484a-8788-f21cf3324a09,2025-04-08,1900-01-01 10:04:00,,RS,,NH,,,RS,,,,,RS,,MS,,,,604,604.0
a636fb7c-9a8e-4c8d-b0e3-52334f597eb7,2025-04-08,1900-01-01 10:06:00,,E,,,NH,,RS,,,,,RS,,,MS,,red,606,606.0
3bdaaaaf-a4bf-4067-8eaf-e49ebafc2d3a,2025-04-08,1900-01-01 10:08:00,Yes,E,,,NH,,RS,,,,,RS,,,MS,,green,608,608.0
cc497727-c152-480a-8dd1-3e0363f2ce5b,2025-04-08,1900-01-01 10:10:00,,E,,,NH,,RS,,,,,RL,,,MS,,,610,610.0
42f18c0a-5419-4b7b-bdee-f594c3263274,2025-04-08,1900-01-01 10:12:00,,RS,,NH,,,RS,,,,,RL,,MS,,,red,612,612.0
a3f7460d-7873-4e1a-813e-c2a7102f1979,2025-04-08,1900-01-01 10:14:00,Yes,RS,,NH,,,RS,,,,,RL,,MS,,,green,614,614.0
3be4c2c9-c36b-447e-a870-fb5569930e39,2025-04-08,1900-01-01 10:16:00,,GG,NH,,,,RS,,,,,GR,MS,,,,red,616,616.0
757eff6a-b04a-4099-883c-0a117939efe7,2025-04-08,1900-01-01 10:19:00,Yes,GG,NH,,,,RS,,,,,GR,MS,,,,green,619,618.0
0dfe1f65-00ff-4e26-aaf8-50e67cce705b,2025-04-08,1900-01-01 10:20:00,,GG,NH,,,,SD,,,,,GR,MS,,,,red,620,620.0
f33a2e74-c442-43dd-adf8-1a7ecbdc5926,2025-04-08,1900-01-01 10:22:00,Yes,GG,NH,,,,SD,,,,,GR,MS,,,,green,622,622.0
307f4ea8-edcd-4faf-bd8b-6574fdde5e7e,2025-04-08,1900-01-01 10:24:00,,RS,,NH,,,RS,,,,,RS,,MS,,,red,624,624.0
d68a5463-2ab5-425e-b12f-d516132e271f,2025-04-08,1900-01-01 10:26:00,Yes,RS,,NH,,,RS,,,,,RS,,MS,,,green,626,626.0
19a7522d-69da-4cfd-8ea9-e79749f6934f,2025-04-08,1900-01-01 10:28:00,Yes,RS,,NH,,,RS,,,,,RS,,MS,,,green,628,628.0
c0da8a1a-9630-4dee-bea1-7ad272fcc5a8,2025-04-08,1900-01-01 10:31:00,,GG,ST,,,,GR,MS,,,,M,,,,,,631,630.0
0bed98d5-72c0-40a7-baef-17d45323c57f,2025-04-08,1900-01-01 10:47:00,,RL,,,"ST, NH",,RS,,NH,MS,,RS,,ST,MS,,,647,647.0
1c50e120-7397-4a2c-9a4b-7cda77ab42a9,2025-04-08,1900-01-01 10:48:00,,GR,ST,,NH,,GG,MS,,NH,,RL,,,"ST, MS",,red,648,649.0
cd009702-59b7-48ab-ac6f-846e5d9761f1,2025-04-08,1900-01-01 10:50:00,Yes,GR,ST,,NH,,GG,MS,,NH,,RL,,,"ST, MS",,green,650,651.0
cd7a96e6-5887-48e6-bb90-50e129f33582,2025-04-08,1900-01-01 10:52:00,,GR,ST,,NH,,GG,,,NH,,RS,,,"ST, MS",,red,652,653.0
376ae52e-2768-4254-b957-c1ddbe242f52,2025-04-08,1900-01-01 10:55:00,Yes,GR,ST,,NH,,GG,,,NH,,RS,,,"ST, MS",,green,655,655.0
90a27feb-2cd6-49fa-bff3-dff74be72aff,2025-04-08,1900-01-01 10:56:00,Yes,GR,ST,,NH,,GG,,,NH,,RS,,,"ST, MS",,green,656,657.0
cc3df97e-20b8-4da1-97fa-5a2048f53885,2025-04-08,1900-01-01 10:59:00,,RS,,"ST, NH",,,RS,,"MS, NH",,,RS,,"ST, MS",,,red,659,659.0
31a332cf-e32d-4953-b0c3-f7638ec83a62,2025-04-08,1900-01-01 11:00:00,Yes,RS,,"ST, NH",,,RS,,"MS, NH",,,RS,,"ST, MS",,,green,660,661.0
f4172573-3800-4877-9cdb-76594aac915e,2025-04-08,1900-01-01 11:02:00,,RS,,NH,,,RS,,,,,RS,,MS,,,,662,663.0
f405cab6-1b04-4fb6-baf4-337edc2849d8,2025-04-08,1900-01-01 11:05:00,,GR,ST,,,,GG,MS,,,,M,,,,,,665,665.0
7c2b7009-39c9-4c06-81f2-645df7aae880,2025-04-08,1900-01-01 11:06:00,,GR,ST,,NH,,RS,MS,,NH,,RS,,,"ST, MS",,,666,667.0
1c547929-6b00-44ce-949f-73d26cbda30a,2025-04-08,1900-01-01 11:08:00,,RS,,NH,,,RS,,,,,RS,,MS,,,,668,669.0
28f471f0-b0ed-4891-a5b2-d11b1022349c,2025-04-08,1900-01-01 11:10:00,,RS,,NH,,,M,,,,,RS,,MS,,,red,670,671.0
f1b4f088-c657-4dac-98bf-57a0860019d7,2025-04-08,1900-01-01 11:12:00,Yes,RS,,NH,,,M,,,,,RS,,MS,,,green,672,673.0
c2a3fb8c-0a2e-4915-8df3-a12572a7a5b7,2025-04-08,1900-01-01 11:14:00,,RS,,NH,,,M,,,,,RS,,MS,,,,674,675.0
4ebe07a1-29c3-432b-93df-37c61d7584c2,2025-04-08,1900-01-01 11:16:00,,RL,,NH,,,RL,,,,,RS,,MS,,,red,676,677.0
281dd992-a715-468b-b997-a7249ba46e0f,2025-04-08,1900-01-01 11:18:00,Yes,RL,,NH,,,RL,,,,,RS,,MS,,,green,678,679.0
dc05c2fd-2773-4e84-a174-cece21463bc9,2025-04-08,1900-01-01 11:20:00,Yes,RL,,NH,,,RL,,,,,RS,,MS,,,green,680,681.0
0dced015-3921-4c38-af0c-e463ccb8df14,2025-04-08,1900-01-01 11:22:00,,RL,NH,,,,RL,,,,,RL,MS,,,,red,682,683.0
f8ea3b50-a2d0-430e-b9c0-e3c5bf83348b,2025-04-08,1900-01-01 11:24:00,Yes,RL,NH,,,,RL,,,,,RL,MS,,,,green,684,685.0
9fec34f1-98fa-460c-8521-92297f21fc40,2025-04-08,1900-01-01 11:26:00,Yes,RL,NH,,,,RL,,,,,RL,MS,,,,green,686,687.0
891b0c21-8441-4599-a709-3772ee4a31b4,2025-04-08,1900-01-01 11:28:00,Yes,RL,NH,,,,RL,,,,,RL,MS,,,,green,688,689.0
0d0138b8-b828-4e7e-bed3-c6004eada131,2025-04-08,1900-01-01 11:30:00,,RS,,,,,RL,,,,,RL,,,,,,690,691.0
0ff5475f-9818-4fcf-876a-e6625da337ae,2025-04-08,1900-01-01 11:32:00,NO,RL,,NH,,,RL,,,,,RS,,MS,,,red,692,693.0
523eceae-1d55-421a-a6c2-39bd03a544bf,2025-04-08,1900-01-01 11:34:00,Yes,RL,,NH,,,RL,,,,,RS,,MS,,,green,694,695.0
f9f43d9d-79fa-4090-a110-40aa03055688,2025-04-08,1900-01-01 11:36:00,Yes,RL,,NH,,,RL,,,,,RS,,MS,,,green,696,697.0
046aae4f-c8e8-4428-87ac-7a1313e88b48,2025-04-08,1900-01-01 11:38:00,Yes,RL,,NH,,,RL,,,,,RS,,MS,,,green,698,699.0
2cd2ca3f-a1b2-481c-9d68-36762d9a5d07,2025-04-08,1900-01-01 11:40:00,NO,RL,,NH,,,RL,,,,,RL,,MS,,,red,700,701.0
9b9e683f-4059-4410-83f6-1775cb6a0aa3,2025-04-08,1900-01-01 11:42:00,Yes,RL,,NH,,,RL,,,,,RL,,MS,,,green,702,703.0
d3a8841a-54df-4036-9ca1-b8bb023a1b44,2025-04-08,1900-01-01 11:44:00,,RL,NH,,,,RL,,,,,RS,MS,,,,,704,705.0
3c2724a9-428a-4052-b860-6e29ba13726f,2025-04-08,1900-01-01 13:18:00,,E,,,,,E,,NH,,,E,,ST,,,,798,797.0
a59fea48-4976-445a-8534-1bece64412d8,2025-04-08,1900-01-01 13:20:00,,E,,,,,E,,,NH,,E,,,ST,,red,800,799.0
574df0eb-29b1-4818-b7b7-785fc7623ceb,2025-04-08,1900-01-01 13:22:00,Yes,E,,,,,E,,,NH,,E,,,ST,,green,802,801.0
a8e562b6-2102-493f-86b2-b498b09eaa03,2025-04-08,1900-01-01 13:24:00,,E,,,,,E,,NH,,,E,,ST,,,red,804,803.0
786cb179-7b82-4708-921d-b44394448c13,2025-04-08,1900-01-01 13:26:00,Yes,E,,,,,E,,NH,,,E,,ST,,,green,806,805.0
33a866c6-89ee-4135-972b-90fe3b39ac24,2025-04-08,1900-01-01 13:28:00,Yes,E,,,,,E,,NH,,,E,,ST,,,green,808,807.0
c17c4424-aa57-438f-985d-9546ea3be52c,2025-04-08,1900-01-01 13:30:00,Yes,E,,,,,E,,NH,,,E,,ST,,,green,810,809.0
0264f239-dcc3-4f08-8957-ee668b1deccc,2025-04-08,1900-01-01 13:32:00,Yes,E,,,,,E,,NH,,,E,,ST,,,green,812,811.0
96f7b20e-c6f2-4def-b6f7-7cfe5232c0a8,2025-04-08,1900-01-01 13:34:00,,RS,,,,,M,,,NH,,RS,,,ST,,,814,813.0
8eb15fe0-395a-411b-a5ef-f23da3dc5d42,2025-04-08,1900-01-01 13:36:00,,RS,,,,,M,,,,,M,,,,,,816,815.0
b46b67c4-a110-467c-9840-32153435f61a,2025-04-08,1900-01-01 13:39:00,,M,,,,,M,,,,All of them scream and lookâ€™s stressed,M,,,,,,819,819.0
f6a68a06-652d-473b-bd08-4c8d4ae64ae0,2025-04-08,1900-01-01 13:40:00,,RS,,,,,M,,,,St scream and display,M,,,,,,820,821.0
0b46980a-50be-4517-a860-de91146c6d06,2025-04-08,1900-01-01 13:42:00,,RL,,,,,DS,,,,,M,,,,,,822,823.0
f19b60d3-a506-4547-a276-c64c65289e24,2025-04-08,1900-01-01 13:44:00,,RL,,,,,M,,,,,M,,,,,,824,825.0
82dd255f-cea6-4580-b1d8-809501f2375f,2025-04-08,1900-01-01 13:46:00,,RL,,ST,,,M,,MS,,,M,,,,,,826,827.0
ba2bd07e-588f-4d53-bc2b-36c1ef89bf5f,2025-04-08,1900-01-01 13:48:00,,RS,,"ST, NH",,,RS,,"MS, NH",,,RS,,"ST, MS",,,,828,829.0
0b0bd0eb-9055-4548-bc37-30d0890caa02,2025-04-08,1900-01-01 13:50:00,,RS,,"ST, NH",,,SD,,"MS, NH",,Groomed Ms,RS,,"ST, MS",,,,830,831.0
ee1aaef3-50fe-45eb-ad39-d7aa1d6f30de,2025-04-08,1900-01-01 13:53:00,,GR,ST,NH,,,GG,"MS, NH",,,,GG,ST,MS,,,red,833,833.0
dcb8255a-6478-43b3-b351-b5daa6b317cc,2025-04-08,1900-01-01 13:55:00,Yes,GR,ST,NH,,,GG,"MS, NH",,,,GG,ST,MS,,,green,835,835.0
ddff4319-e1ad-450b-be75-beba8d14860d,2025-04-08,1900-01-01 13:56:00,,GM,NH,,,,M,,,,Groomed Ms and engaged in sex,GM,MS,,,,,836,837.0
8cab20ff-6827-470e-b924-e878deedffad,2025-04-08,1900-01-01 13:58:00,,RL,,NH,,,RS,,,,,RS,,MS,,,,838,839.0
c660aa24-aa54-49ca-85c7-f9647dc5cb25,2025-04-08,1900-01-01 14:00:00,,RS,,NH,,,RS,,,,,RS,,MS,,,red,840,841.0
da662a73-82f5-4be1-b818-0e79769e4de5,2025-04-08,1900-01-01 14:02:00,Yes,RS,,NH,,,RS,,,,,RS,,MS,,,green,842,843.0
ddaa9c06-cc21-4ed8-9f69-efb9c7db5b5e,2025-04-08,1900-01-01 14:04:00,,RS,,,NH,,RS,,,,,RL,,,MS,,red,844,845.0
0533f186-6f2b-4cc4-abdd-d9eabaa6ac68,2025-04-08,1900-01-01 14:06:00,Yes,RS,,,NH,,RS,,,,,RL,,,MS,,green,846,847.0
13d8e900-91c1-44e2-8b17-31c7c1e3a460,2025-04-08,1900-01-01 14:08:00,Yes,RS,,,NH,,RS,,,,,RL,,,MS,,green,848,849.0
dd2b3b69-c24a-4dce-b6e3-13f883ce85e8,2025-04-08,1900-01-01 14:10:00,Yes,RS,,,NH,,RS,,,,,RL,,,MS,,green,850,851.0
0a495057-6344-42b9-acd7-4896d19a6f1f,2025-04-08,1900-01-01 14:12:00,Yes,RS,,,NH,,RS,,,,,RL,,,MS,,green,852,853.0
fe2068cf-b29e-42b8-84a4-e985eb7c9274,2025-04-08,1900-01-01 14:14:00,Yes,RS,,,NH,,RS,,,,,RL,,,MS,,green,854,855.0
06a5808c-e862-40ba-b79a-6d18003c2987,2025-04-08,1900-01-01 14:17:00,Yes,RS,,,NH,,RS,,,,,RL,,,MS,,green,857,857.0
fd3731ad-549a-4d8b-ab32-8072e3561589,2025-04-08,1900-01-01 14:18:00,Yes,RS,,,NH,,RS,,,,,RL,,,MS,,green,858,859.0
b5722877-b492-46e9-9cdc-19088fc36e65,2025-04-08,1900-01-01 14:20:00,,RL,,,NH,,RS,,,,,RL,,,MS,,red,860,861.0
df570e3f-cfd9-42a7-b42b-2580446a95bf,2025-04-08,1900-01-01 14:22:00,Yes,RL,,,NH,,RS,,,,,RL,,,MS,,green,862,863.0
9a59dab4-2e7d-40af-a878-10beb51ab0d3,2025-04-08,1900-01-01 14:24:00,Yes,RL,,,NH,,RS,,,,,RL,,,MS,,green,864,865.0
8385da89-de66-4e7e-b579-5114e9937d07,2025-04-08,1900-01-01 14:26:00,Yes,RL,,,NH,,RS,,,,,RL,,,MS,,green,866,867.0
78a88ac7-5273-4b2b-9da8-c98d79f3a0c5,2025-04-08,1900-01-01 14:28:00,,RS,,,NH,,RS,,,,,RL,,,MS,,red,868,869.0
473293dd-7a1d-4a6c-aafc-d76624c9b06b,2025-04-08,1900-01-01 14:30:00,Yes,RS,,,NH,,RS,,,,,RL,,,MS,,green,870,871.0
727eb90b-a39c-4832-a626-f22c1e7555a0,2025-04-08,1900-01-01 14:32:00,Yes,RS,,,NH,,RS,,,,,RL,,,MS,,green,872,873.0
e26c2552-7f3c-45ac-943c-8917164331af,2025-04-08,1900-01-01 14:34:00,,RS,,,,,RS,,,,,RS,,,,,,874,875.0
5fb582e0-57f4-46d6-af7a-e31a11528093,2025-04-08,1900-01-01 14:36:00,,RS,,,NH,,RS,,,,,M,,,MS,,,876,877.0
06f66b00-7104-40db-84c6-9374d95040a3,2025-04-08,1900-01-01 14:38:00,,RL,,NH,,,RS,,,,,RS,,MS,,,red,878,879.0
858bdcce-83cf-4163-8bc3-5abacaf406f2,2025-04-08,1900-01-01 14:40:00,Yes,RL,,NH,,,RS,,,,,RS,,MS,,,green,880,881.0
135d6437-d18e-475f-81c8-96bf1e984b71,2025-04-08,1900-01-01 14:42:00,,RL,,NH,,,RS,,,,,RL,,MS,,,red,882,883.0
bd115724-e36e-461f-ad1e-2bf35432e59e,2025-04-08,1900-01-01 14:44:00,Yes,RL,,NH,,,RS,,,,,RL,,MS,,,green,884,885.0
b1ff21f3-0220-42a1-a6b5-f36459cfb774,2025-04-09,1900-01-01 09:34:00,,E,,NH,,,E,,,,,E,,MS,,,red,574,574.0
ecf64410-d282-4a89-84e0-f7c2b4f7ee42,2025-04-09,1900-01-01 09:36:00,Yes,E,,NH,,,E,,,,,E,,MS,,,green,576,576.0
2bd8eef6-098f-4b2c-8565-587a7cbb4cbe,2025-04-09,1900-01-01 09:38:00,Yes,E,,NH,,,E,,,,,E,,MS,,,green,578,578.0
9b1607b1-2c14-43e6-a3c0-4217158cb825,2025-04-09,1900-01-01 09:40:00,,E,,,,,RS,,,,,M,,,,,,580,580.0
eb5879d6-a1cb-4427-b504-bf898f0b36fb,2025-04-09,1900-01-01 09:42:00,,E,,,,,RS,,,,,RS,,,,Displayed few seconds before,,582,582.0
2cf8a476-c647-4326-bf1b-90ffd1fe1705,2025-04-09,1900-01-01 09:44:00,,E,,,,,RS,,,,,RS,,,,,,584,584.0
b0b4be21-74a7-46d4-b126-806df1d2d9f5,2025-04-09,1900-01-01 09:45:00,,RS,,,,,RS,,,,,M,,,,,red,585,586.0
1d3d04b3-ed63-4ede-9e95-d6631fb4cd8b,2025-04-09,1900-01-01 09:48:00,Yes,RS,,,,,RS,,,,,M,,,,,green,588,588.0
bde3df33-2150-4b67-98de-fdf411b03280,2025-04-09,1900-01-01 09:50:00,,RS,,,,,RS,,,,,M,,,,,,590,590.0
06a17684-8efe-4b0e-88e9-2b4dfe8a8b4c,2025-04-09,1900-01-01 09:51:00,,E,,,,,RS,,,,,RS,,,,,,591,592.0
783fe86a-716e-4cd9-a87c-54d2efe366e2,2025-04-09,1900-01-01 09:54:00,,E,,,,,E,,,,,E,,,,,,594,594.0
fa78f2c6-7636-49b5-ba8a-dc29a4da8f13,2025-04-09,1900-01-01 09:56:00,,RL,,,,,M,,,,,RS,,,,,,596,596.0
2cfca42a-f11d-46d2-bd9f-7720a7f9dcd3,2025-04-09,1900-01-01 09:58:00,,RL,,,,,GR,NH,,,,GG,ST,,,,,598,598.0
9c700e03-6d83-4c84-b2da-b45c0f69a773,2025-04-09,1900-01-01 10:00:00,,RL,,,,,RL,,,,,RS,,,,,red,600,600.0
8a883d3f-3fe5-488a-b96d-57de90c2239e,2025-04-09,1900-01-01 10:01:00,Yes,RL,,,,,RL,,,,,RS,,,,,green,601,602.0
46200f81-7aa2-41dc-93dc-b5f64296345d,2025-04-09,1900-01-01 10:04:00,Yes,RL,,,,,RL,,,,,RS,,,,,green,604,604.0
c02185dc-8d30-49c9-939d-7464a760b02b,2025-04-09,1900-01-01 10:06:00,Yes,RL,,,,,RL,,,,,RS,,,,,green,606,606.0
c3ef3cd8-4b89-461b-95ae-1de1031a3eeb,2025-04-09,1900-01-01 10:07:00,,RL,,,NH,,RL,,,,,SD,,,MS,,,607,608.0
154a7d87-3487-4399-abe4-ff6aa9c59d8e,2025-04-09,1900-01-01 10:09:00,,RL,,,NH,,RL,,,,,RS,,,MS,,,609,610.0
b07107f7-c87a-4d3d-bd57-f153b39ee9cd,2025-04-09,1900-01-01 10:12:00,,RL,,,NH,,M,,,,,RL,,,MS,,red,612,612.0
ee4c52ce-91b9-4be8-a5b1-d30308a92061,2025-04-09,1900-01-01 10:14:00,Yes,RL,,,NH,,M,,,,,RL,,,MS,,green,614,614.0
0ce95d64-9caa-4392-bd9a-ea5f9f9e9e1b,2025-04-09,1900-01-01 10:15:00,,RL,,,,,RS,,,,Displayed 20 seconds ago,E,,,,,,615,616.0
483f107a-e0b2-437f-8a16-7e5521a46444,2025-04-09,1900-01-01 10:18:00,,RL,,,NH,,DS,,,,,SD,,,MS,,red,618,618.0
7e2a7aa5-a01a-4d9b-836f-ae97f9933f55,2025-04-09,1900-01-01 10:20:00,Yes,RL,,,NH,,DS,,,,,SD,,,MS,,green,620,620.0
935dd741-efa7-4d41-a074-b61bb5d02599,2025-04-09,1900-01-01 10:22:00,,RL,,,NH,,M,,,,,RS,,,MS,,,622,622.0
6127eae2-db35-458b-85c1-53a996d130ff,2025-04-09,1900-01-01 10:24:00,,RL,,,NH,,M,,,,,RL,,,MS,,,624,624.0
91766c6c-bfa6-4b31-96cb-0dae81d6fbf1,2025-04-09,1900-01-01 10:26:00,,RL,,,NH,,E,,,,,RL,,,MS,,red,626,626.0
d71cd1bb-931a-4026-8c94-4d5e72a7f6cc,2025-04-09,1900-01-01 10:28:00,Yes,RL,,,NH,,E,,,,,RL,,,MS,,green,628,628.0
ff3789c5-574f-44c1-b593-e039391edc54,2025-04-09,1900-01-01 10:29:00,,RL,,,NH,,RS,,,,,RL,,,MS,,,629,630.0
2905da58-46bd-41d6-8ffc-cb840d317374,2025-04-09,1900-01-01 10:46:00,,RS,,NH,,,E,,,,,RS,,MS,,,red,646,645.0
8baf9241-4952-427d-b8c6-eb623af8bb8a,2025-04-09,1900-01-01 10:47:00,Yes,RS,,NH,,,E,,,,,RS,,MS,,,green,647,647.0
86331dd6-3011-48ea-aa5b-cc0c6c93f22c,2025-04-09,1900-01-01 10:50:00,,RS,,NH,,,RS,,,,,RS,,MS,,,red,650,649.0
a989c4c5-8a6f-4aed-afce-6dfc39ddbc8b,2025-04-09,1900-01-01 10:52:00,Yes,RS,,NH,,,RS,,,,,RS,,MS,,,green,652,651.0
6be7f9e4-04d9-4591-930a-f76dfe82f7a3,2025-04-09,1900-01-01 10:54:00,,RS,,NH,,,RS,,,,,RL,,MS,,,red,654,653.0
2567de9b-4044-4110-bf80-338d263c245c,2025-04-09,1900-01-01 10:56:00,Yes,RS,,NH,,,RS,,,,,RL,,MS,,,green,656,655.0
6ffc995f-024f-4fbc-ae6f-7af9f567292e,2025-04-09,1900-01-01 10:57:00,Yes,RS,,NH,,,RS,,,,,RL,,MS,,,green,657,657.0
8d9d2981-2be2-4ee7-b079-930c95cb0d0e,2025-04-09,1900-01-01 11:00:00,,RS,,NH,,,RS,,,,,RL,,,,,red,660,659.0
1ccf72a6-ad2a-441b-8f79-180098a7ac64,2025-04-09,1900-01-01 11:01:00,Yes,RS,,NH,,,RS,,,,,RL,,,,,green,661,661.0
15734308-d41f-4331-96ac-671ac70136ad,2025-04-09,1900-01-01 11:03:00,Yes,RS,,NH,,,RS,,,,,RL,,,,,green,663,663.0
4e92cda1-3302-4322-9e56-72289ec497aa,2025-04-09,1900-01-01 11:06:00,,RL,,,NH,,E,,,,,RL,,,MS,,,666,665.0
998ad619-8fe4-4741-bbc0-f3498ba2aacf,2025-04-09,1900-01-01 11:07:00,,RS,,,NH,,RS,,,,,RL,,,MS,,red,667,667.0
1d7e48ab-f188-4e79-8d3d-c0250dfd4a51,2025-04-09,1900-01-01 11:10:00,Yes,RS,,,NH,,RS,,,,,RL,,,MS,,green,670,669.0
f9ce9ab8-ec9b-4d5c-a3c4-c7407ae91b7a,2025-04-09,1900-01-01 11:12:00,,RL,,,NH,,SD,,,,,RL,,,MS,,red,672,671.0
5a1f01e2-f9b5-4a22-ac5f-e184187885cc,2025-04-09,1900-01-01 11:14:00,Yes,RL,,,NH,,SD,,,,,RL,,,MS,,green,674,673.0
8e9f01b9-4e1e-4271-92d8-ee27bc99e198,2025-04-09,1900-01-01 11:16:00,,RL,,,NH,,RS,,,,,RS,,,MS,,red,676,675.0
5abdf747-dc98-479b-8bcb-a09d605c45ae,2025-04-09,1900-01-01 11:17:00,Yes,RL,,,NH,,RS,,,,,RS,,,MS,,green,677,677.0
d304478a-fd0a-4f99-86df-b5379b776106,2025-04-09,1900-01-01 11:20:00,Yes,RL,,,NH,,RS,,,,,RS,,,MS,,green,680,679.0
7ede9f5b-07d9-42b6-9909-11bc57176459,2025-04-09,1900-01-01 11:22:00,Yes,RL,,,NH,,RS,,,,,RS,,,MS,,green,682,681.0
69f66f7c-d588-4a78-a0c3-8bc1636ad7fa,2025-04-09,1900-01-01 11:23:00,,RS,,,NH,,M,,,,,RS,,,MS,,red,683,683.0
9317b5de-e4fd-4523-b46b-7471e0aeabb1,2025-04-09,1900-01-01 11:26:00,Yes,RS,,,NH,,M,,,,,RS,,,MS,,green,686,685.0
19783b0c-f2e2-4671-a8d8-48a88e04b012,2025-04-09,1900-01-01 11:28:00,,RS,,NH,,,RS,,,,,RS,,MS,,,,688,687.0
324aa967-b85a-47d9-9ed9-eb3d4cb48b2d,2025-04-09,1900-01-01 11:30:00,,RS,,NH,,,DS,,,,,RS,,MS,,,,690,689.0
48d88c5d-5af4-436c-9854-290b126b74b9,2025-04-09,1900-01-01 11:32:00,,RS,,,,,RS,,,,,M,,,,,,692,691.0
05ef890f-cd04-4819-ae14-6edcbf25e89a,2025-04-09,1900-01-01 11:34:00,,RS,,,NH,,RS,,,,,RS,,,MS,,,694,693.0
e6721147-29ff-47ac-b3de-86134a581577,2025-04-09,1900-01-01 11:35:00,,RS,,,,,RS,,,,Displayed 10 seconds ago,M,,,,,,695,695.0
04d0ba0b-849d-49bb-934f-d0c01b279255,2025-04-09,1900-01-01 11:38:00,,M,,,,,RS,,,,,RS,,,,,,698,697.0
c37905c2-6c4d-47a0-9da3-795807124ee6,2025-04-09,1900-01-01 11:40:00,,RS,,,NH,,DS,,,,,RS,,,MS,,,700,699.0
d72f7010-3b51-4ec7-bc3d-7919ea430915,2025-04-09,1900-01-01 11:42:00,NO,RS,,,NH,,RS,,,,,RL,,,MS,,red,702,701.0
091143da-f35f-4c88-bebe-27c6d45aa031,2025-04-09,1900-01-01 11:43:00,Yes,RS,,,NH,,RS,,,,,RL,,,MS,,green,703,703.0
69f8c784-7cac-4d7e-9c3a-bc74a1369cfe,2025-04-09,1900-01-01 11:45:00,Yes,RS,,,NH,,RS,,,,,RL,,,MS,,green,705,705.0
501641a7-9256-4d59-a313-df09b872f0e6,2025-04-09,1900-01-01 13:17:00,,E,,,,,E,,NH,,,E,,ST,,,red,797,797.0
6d9a7310-c20c-43e5-9f00-d11277f06405,2025-04-09,1900-01-01 13:19:00,Yes,E,,,,,E,,NH,,,E,,ST,,,green,799,799.0
7fd77d25-c368-479e-9863-5a842be31ca2,2025-04-09,1900-01-01 13:21:00,Yes,E,,,,,E,,NH,,,E,,ST,,,green,801,801.0
7317cb75-d83d-446a-a5a7-1b2aa1f09907,2025-04-09,1900-01-01 13:23:00,,M,,,ST,,M,,,MS,,E,,,,,,803,803.0
378525d4-3a1c-4af4-a00c-224ff75f1651,2025-04-09,1900-01-01 13:25:00,,M,,,,,M,,,,,E,,,,,,805,805.0
a2a539a9-868a-455a-8659-5a144dae3e9e,2025-04-09,1900-01-01 13:27:00,,RS,,ST,,,RS,,MS,,Groomed MS,E,,,,,,807,807.0
be391f0e-823a-48c8-848a-a64c5c71d12c,2025-04-09,1900-01-01 13:29:00,,E,,ST,,,E,,MS,,,RS,,,,,red,809,809.0
a02db95f-fdbd-4e0c-8099-2eb95805648c,2025-04-09,1900-01-01 13:31:00,Yes,E,,ST,,,E,,MS,,,RS,,,,,green,811,811.0
73cac0e7-a2e7-4daf-9f39-f1070e247bf2,2025-04-09,1900-01-01 13:33:00,,RS,,,,,E,,,,,RS,,,,,,813,813.0
c3289944-1809-40c4-a38d-7b8d1541a457,2025-04-09,1900-01-01 13:35:00,,RS,,,,,M,,,,,RS,,,,,,815,815.0
7897d3a1-4e71-4cec-b6cc-03e018079c5d,2025-04-09,1900-01-01 13:37:00,,RS,,,NH,,E,,,,,RS,,,MS,,,817,817.0
6fe3cccd-be59-4d57-be5b-732e5068427f,2025-04-09,1900-01-01 13:39:00,,RS,,NH,,,RS,,,,,RS,,MS,,,,819,819.0
eede3d0e-fdd0-4311-b843-05ed04788c5d,2025-04-09,1900-01-01 13:41:00,,RL,,,,,RS,,,,,E,,,,,,821,821.0
0cdd4e76-396e-49ad-a008-fab77d014214,2025-04-09,1900-01-01 13:43:00,,RS,,ST,,,M,,MS,,,M,,,,,,823,823.0
0120517b-3c2b-471a-8d5f-555000a502d7,2025-04-09,1900-01-01 13:45:00,,RS,,,NH,,RS,,,,,,,,MS,,,825,825.0
c74fcb27-a85b-4e1d-8b49-805e10b90889,2025-04-09,1900-01-01 13:47:00,,RS,,,,,RS,,,,,RS,,,,,,827,827.0
13a58461-cc11-4bfd-8b03-3ed60340e4b9,2025-04-09,1900-01-01 13:49:00,,RL,,,,,RS,,,,,RS,,,,,red,829,829.0
c41f3483-900a-4bf7-8b8c-e70d0fad0dc8,2025-04-09,1900-01-01 13:51:00,Yes,RL,,,,,RS,,,,,RS,,,,,green,831,831.0
495ac27b-d202-4c0d-bcbc-6c7c539fb23e,2025-04-09,1900-01-01 13:53:00,Yes,RL,,,,,RS,,,,,RS,,,,,green,833,833.0
db8ecb4b-c73a-4f8e-bbc5-96327e000cbd,2025-04-09,1900-01-01 13:55:00,Yes,RL,,,,,RS,,,,,RS,,,,,green,835,835.0
3f19fd65-67d8-4c6d-b9b8-942e4b4dbaac,2025-04-09,1900-01-01 13:57:00,,RL,,,,,RS,,,,,E,,,,,red,837,837.0
e276f63a-0e6e-4e74-b13e-0c4eed34f6d6,2025-04-09,1900-01-01 13:59:00,Yes,RL,,,,,RS,,,,,E,,,,,green,839,839.0
d5b01a42-f783-4e5d-b8a8-296a03ea543b,2025-04-09,1900-01-01 14:01:00,Yes,RL,,,,,RS,,,,,E,,,,,green,841,841.0
56a6f7dc-34be-4234-931c-608c78a07f6e,2025-04-09,1900-01-01 14:03:00,Yes,RL,,,,,RS,,,,,E,,,,,green,843,843.0
dceda584-d750-4f64-8795-ad617e6f666d,2025-04-09,1900-01-01 14:05:00,,RS,,,,,RS,,,,,RS,,,,,,845,845.0
3043cc07-47bb-4a91-a29b-752f5be7dbb1,2025-04-09,1900-01-01 14:07:00,,RS,,,,,RS,,,,,M,,,,,red,847,847.0
e4d5d61a-f24e-447e-a2fd-545b00ed14d4,2025-04-09,1900-01-01 14:09:00,Yes,RS,,,,,RS,,,,,M,,,,,green,849,849.0
9c5325a4-95c2-4ed1-889f-f53f6b1aa46d,2025-04-09,1900-01-01 14:11:00,Yes,RS,,,,,RS,,,,,M,,,,,green,851,851.0
da100ee0-1870-46a5-9857-5dc270ab0485,2025-04-09,1900-01-01 14:13:00,,RS,,,,,RL,,,,,RS,,,,,red,853,853.0
72fe48ca-e31d-4f4e-98f7-906171ae2a6c,2025-04-09,1900-01-01 14:15:00,Yes,RS,,,,,RL,,,,,RS,,,,,green,855,855.0
405acccd-8a6b-4451-a30c-7dd6b0342813,2025-04-09,1900-01-01 14:17:00,Yes,RS,,,,,RL,,,,,RS,,,,,green,857,857.0
818c02f2-3a64-46a1-931a-5a0611615345,2025-04-09,1900-01-01 14:19:00,Yes,RS,,,,,RL,,,,,RS,,,,,green,859,859.0
5c0e6412-5c5d-466d-9944-0a6da65835ce,2025-04-09,1900-01-01 14:21:00,Yes,RS,,,,,RL,,,,,RS,,,,,green,861,861.0
963b31ba-712c-41a9-8007-226e5b4ada57,2025-04-09,1900-01-01 14:23:00,Yes,RS,,,,,RL,,,,,RS,,,,,green,863,863.0
ccc847d1-87e8-40b3-bdab-bc9296b28c4f,2025-04-09,1900-01-01 14:25:00,Yes,RS,,,,,RL,,,,,RS,,,,,green,865,865.0
724aa191-b465-4523-900c-d804cac217d7,2025-04-09,1900-01-01 14:27:00,Yes,RS,,,,,RL,,,,,RS,,,,,green,867,867.0
5b885b59-1e07-481b-9516-55834fd20c82,2025-04-09,1900-01-01 14:29:00,Yes,RS,,,,,RL,,,,,RS,,,,,green,869,869.0
77c82c35-f5f9-4690-81d6-69dfba1486de,2025-04-09,1900-01-01 14:31:00,,RL,,,NH,,RL,,,,,RS,,,MS,,red,871,871.0
f03bb398-b66f-4e5d-93d7-70105a4de4d8,2025-04-09,1900-01-01 14:33:00,Yes,RL,,,NH,,RL,,,,,RS,,,MS,,green,873,873.0
e05cefba-f5c7-4236-a525-d449fe360954,2025-04-09,1900-01-01 14:35:00,Yes,RL,,,NH,,RL,,,,,RS,,,MS,,green,875,875.0
13a7df3a-0849-40af-9c96-e3a2f751a55c,2025-04-09,1900-01-01 14:37:00,Yes,RL,,,NH,,RL,,,,,RS,,,MS,,green,877,877.0
3c975d3a-c696-4c78-a267-9c9d262a9d42,2025-04-09,1900-01-01 14:39:00,Yes,RL,,,NH,,RL,,,,,RS,,,MS,,green,879,879.0
85a8925d-3550-4b89-950e-883234c12827,2025-04-09,1900-01-01 14:41:00,Yes,RL,,,NH,,RL,,,,,RS,,,MS,,green,881,881.0
0a7e0c1a-310e-492c-a08a-47929deb1fc1,2025-04-09,1900-01-01 14:43:00,Yes,RL,,,NH,,RL,,,,,RS,,,MS,,green,883,883.0
04bbb476-b72c-4ec3-a8f7-fea94f80a9f7,2025-04-09,1900-01-01 14:45:00,Yes,RL,,,NH,,RL,,,,,RS,,,MS,,green,885,885.0
2c65effd-47f7-48c4-b76a-7c30888af3ce,2025-04-21,1900-01-01 09:32:00,,E,,NH,,,RS,,,,,SD,,MS,,,,572,572.0
190a107d-1c26-44a5-9847-164e62fa1498,2025-04-21,1900-01-01 09:35:00,,E,,,,,PL,,NH,,,PL,,ST,,,red,575,574.0
7f0b37c9-2590-4cf6-a37c-1259d323149b,2025-04-21,1900-01-01 09:37:00,Yes,E,,,,,PL,,NH,,,PL,,ST,,,green,577,576.0
73844f79-1112-4a18-a21f-9f2a44eddaa5,2025-04-21,1900-01-01 09:38:00,,E,,,,,GM,NH,,,,GM,ST,,,,,578,578.0
3421ef71-7fab-4791-a25a-5154df1f3976,2025-04-21,1900-01-01 09:41:00,,E,,,,,GR,NH,,,,GG,ST,,,,red,581,580.0
4aa71647-d02c-4a8b-83be-5f4c33e1149e,2025-04-21,1900-01-01 09:42:00,Yes,E,,,,,GR,NH,,,,GG,ST,,,,green,582,582.0
18a92260-7a24-4271-ab90-ee66ef2f0c0d,2025-04-21,1900-01-01 09:45:00,Yes,E,,,,,GR,NH,,,,GG,ST,,,,green,585,584.0
8ff186be-1ab0-43a0-a3f8-771651cd22ba,2025-04-21,1900-01-01 09:46:00,Yes,E,,,,,GR,NH,,,,GG,ST,,,,green,586,586.0
71a4d096-ffcf-4b9b-8f39-d7b04b418bb2,2025-04-21,1900-01-01 09:49:00,Yes,E,,,,,GR,NH,,,,GG,ST,,,,green,589,588.0
705560c6-958e-423f-b191-8502f28fa8dc,2025-04-21,1900-01-01 09:51:00,,E,,,,,E,,,NH,,E,,,ST,,,591,590.0
1742008b-9c21-4ffe-a7ad-ea64376946d1,2025-04-21,1900-01-01 09:52:00,,E,,,NH,,E,,,,,E,,,MS,,red,592,592.0
f12fc6cc-bca1-41ad-a608-641bda8be9bc,2025-04-21,1900-01-01 09:55:00,Yes,E,,,NH,,E,,,,,E,,,MS,,green,595,594.0
f5258839-c179-4e96-9216-4ea1be196d54,2025-04-21,1900-01-01 09:57:00,,RL,,,NH,,M,,,,,E,,,MS,,,597,596.0
eedccea1-2b00-430a-82bf-1d0cf5c3fd35,2025-04-21,1900-01-01 09:59:00,,RL,,,NH,,SD,,,,,E,,,MS,,red,599,598.0
db8f94f8-74a7-407c-a1d4-e25c4d33c839,2025-04-21,1900-01-01 10:00:00,Yes,RL,,,NH,,SD,,,,,E,,,MS,,green,600,600.0
53f2628f-3597-44dd-8f3e-c75d095f109f,2025-04-21,1900-01-01 10:03:00,,RL,,,NH,,E,,,,,RS,,,MS,,red,603,602.0
2f9b0a1d-dec1-46d8-a185-73a5c0fe1889,2025-04-21,1900-01-01 10:05:00,Yes,RL,,,NH,,E,,,,,RS,,,MS,,green,605,604.0
16b525f4-3d32-40ee-a8a1-52f9d1961fd0,2025-04-21,1900-01-01 10:06:00,Yes,RL,,,NH,,E,,,,,RS,,,MS,,green,606,606.0
206f413e-7a77-44d5-97c5-726758e835fa,2025-04-21,1900-01-01 10:09:00,,E,,NH,,,RS,,,,,RS,,MS,,,,609,608.0
6a491691-5dd2-4def-9e0c-45a1ba4c0036,2025-04-21,1900-01-01 10:10:00,NO,RL,,,,,E,,,,,RS,,,,,,610,610.0
5a5982d3-d843-4022-86f0-464a3e7d1c8a,2025-04-21,1900-01-01 10:12:00,,RL,,,,,RS,,,,,RS,,,,,red,612,612.0
269966aa-62bc-4f36-b644-3335e2b7fa2f,2025-04-21,1900-01-01 10:15:00,Yes,RL,,,,,RS,,,,,RS,,,,,green,615,614.0
704c1ba2-b2e5-4e72-baf5-17a4926d0921,2025-04-21,1900-01-01 10:17:00,,RS,,,,,RS,,,,,RL,,,,,,617,616.0
6a6d891e-e59c-42cb-a6e6-9e4c0da2fab5,2025-04-21,1900-01-01 10:19:00,,RS,,,,,M,,,,,RL,,,,,,619,618.0
058f6ad9-f8fe-48d3-91d6-2d45e72bde26,2025-04-21,1900-01-01 10:21:00,,GR,NH,,,,RS,,,,,GG,MS,,,,,621,620.0
9b6e40ad-d0ad-4ac7-9db7-742e703c2dea,2025-04-21,1900-01-01 10:23:00,,GR,NH,,,,M,,,,,GG,MS,,,,,623,622.0
8803fe02-b280-446a-a6a1-51b83252daa0,2025-04-21,1900-01-01 10:24:00,,RS,,NH,,,M,,,,,SD,,MS,,,,624,624.0
8ea2d614-6176-47e5-95d1-e2665941a5b0,2025-04-21,1900-01-01 10:27:00,NO,RS,,,,,RS,,,,,M,,,,,,627,626.0
fd5b32f0-6c63-429c-be03-e4bbdacc6b62,2025-04-21,1900-01-01 10:29:00,,RS,,,,,GR,NH,,,,GG,ST,,,,,629,628.0
04800baa-f21d-4b31-a687-f3e5ed381e81,2025-04-21,1900-01-01 10:47:00,,M,,,,,M,,,,,M,,,,,,647,647.0
68edbebe-01df-4edd-892c-3d8da4e58cef,2025-04-21,1900-01-01 10:49:00,,RS,,,,,RS,,,,,M,,,,,,649,649.0
bc29b091-bf96-4e56-8860-b905e41aab57,2025-04-21,1900-01-01 10:51:00,,M,,,,,RS,,,,,M,,,,,,651,651.0
93da4adc-39b8-4f40-b849-101112db49d4,2025-04-21,1900-01-01 10:53:00,,RS,,,,,RS,,NH,,,RS,,ST,,,,653,653.0
061c8e61-2e3e-45a4-9fe3-7d44b76f38aa,2025-04-21,1900-01-01 10:55:00,,RS,,,,,RS,,,,,RS,,,,,,655,655.0
173c95ab-f387-40a7-8d2c-2039ef8ea6cc,2025-04-21,1900-01-01 10:57:00,,RS,,,,,GR,NH,,,,GG,ST,,,,,657,657.0
530f1c67-e4d4-45dc-a231-8b49e55829e9,2025-04-21,1900-01-01 10:59:00,,RS,,,,,RS,,,NH,,RS,,,ST,,red,659,659.0
15424d88-f6f8-4f45-b76a-368dd46ed4b7,2025-04-21,1900-01-01 11:00:00,Yes,RS,,,,,RS,,,NH,,RS,,,ST,,green,660,661.0
325fb2fd-7530-46c0-909b-775c438fe674,2025-04-21,1900-01-01 11:02:00,,M,,,,,M,,,,,M,,,,,,662,663.0
ff9b6b5f-5ec3-4bab-9928-b2cf67771723,2025-04-21,1900-01-01 11:05:00,,M,,,,,M,,,,,RS,,,,,,665,665.0
56f4245e-809d-4fa0-89eb-81efb4700021,2025-04-21,1900-01-01 11:07:00,,RS,,,,,RS,,,,,RS,,,,,,667,667.0
c628368b-ed42-46af-85db-b89027cd248b,2025-04-21,1900-01-01 11:09:00,,RS,,,,,RS,,,,,RS,,,,,,669,669.0
d387584a-83c5-4d4c-a846-5e3cfad71d4d,2025-04-21,1900-01-01 11:10:00,,RS,,,,,RS,,,NH,,RS,,,ST,,,670,671.0
7f2496d5-d27d-4f1b-964d-d750b0460e44,2025-04-21,1900-01-01 11:13:00,,RS,,,,,GM,NH,,,,GM,ST,,,,,673,673.0
5f1b7140-610f-4fd8-8fe7-c3805f6a1c4e,2025-04-21,1900-01-01 11:15:00,,RS,"NH, ST",,,,RS,"MS, NH",,,,RS,"ST, MS",,,,,675,675.0
ef619736-37ad-409d-b951-b13b5f98348b,2025-04-21,1900-01-01 11:17:00,,GR,NH,NH,,,RS,,MS,NH,,GG,MS,,ST,,,677,677.0
6eeb08dd-7ce2-421a-a701-3d770b50fb53,2025-04-21,1900-01-01 11:18:00,,RS,NH,,,,RS,,,,,RS,MS,,,,,678,679.0
71408b0a-c4a3-42b0-8129-c5ef1c143b89,2025-04-21,1900-01-01 11:21:00,,GR,ST,,,,GG,MS,,,,E,,,,,,681,681.0
125b402c-4f8c-4fe8-8d4d-16ac41386eac,2025-04-21,1900-01-01 11:23:00,,RS,,ST,,,RS,,MS,,,E,,,,,red,683,683.0
2c3f6427-ccf6-41dd-af42-fb5c59f64e47,2025-04-21,1900-01-01 11:25:00,Yes,RS,,ST,,,RS,,MS,,,E,,,,,green,685,685.0
dbf5b039-2c5d-48ff-b460-0e3a927b52d7,2025-04-21,1900-01-01 11:27:00,,PL,,ST,,,PL,,MS,,,RS,,,,,red,687,687.0
4da64fa8-ade7-4dca-b0f6-819321c82cc6,2025-04-21,1900-01-01 11:28:00,Yes,PL,,ST,,,PL,,MS,,,RS,,,,,green,688,689.0
6604ce6d-2069-42c8-8ee3-1183cd610e75,2025-04-21,1900-01-01 11:31:00,,M,,,,,RS,,,,,RS,,,,,red,691,691.0
411613b6-d7c1-4b1a-be49-7ddac7c03452,2025-04-21,1900-01-01 11:33:00,Yes,M,,,,,RS,,,,,RS,,,,,green,693,693.0
fb170ea8-ae5e-42be-a494-0dab92e43b41,2025-04-21,1900-01-01 11:35:00,Yes,M,,,,,RS,,,,,RS,,,,,green,695,695.0
c73abab3-93e1-449c-b9fc-e7cfd96cd61c,2025-04-21,1900-01-01 11:37:00,,RS,,,,,RS,,,,,RS,,,,,,697,697.0
cf85e150-1a4b-4b90-a1a5-9d0660924364,2025-04-21,1900-01-01 11:39:00,,RS,,,,,RS,,,,,RS,,,,,red,699,699.0
17924a00-3862-4e4c-996b-2bed91a7fb73,2025-04-21,1900-01-01 11:41:00,Yes,RS,,,,,RS,,,,,RS,,,,,green,701,701.0
946b22cf-5cc4-4a49-9fe6-2e62e8b4b4ee,2025-04-21,1900-01-01 11:43:00,,RS,,,,,RS,,,,,RS,,,,,red,703,703.0
694c9704-8c81-43b5-8674-8b250335bfe0,2025-04-21,1900-01-01 11:45:00,Yes,RS,,,,,RS,,,,,RS,,,,,green,705,705.0
ae2e378e-b8ed-4e50-bc4f-9e34fe67c5b5,2025-04-21,1900-01-01 13:18:00,,E,,,,,E,,,NH,,E,,,ST,,,798,797.0
9a97a325-967d-4d59-87dd-8eb0f25be34a,2025-04-21,1900-01-01 13:19:00,,E,,,,,E,,,,,E,,,,,,799,799.0
bddd6f77-846f-4754-9673-82fc57579236,2025-04-21,1900-01-01 13:22:00,NO,RS,,,,,E,,,NH,,E,,,ST,,,802,801.0
6688eb9c-3dd3-4863-88d6-de5e67c9a8ce,2025-04-21,1900-01-01 13:24:00,,E,,,NH,,RS,,,,,E,,,MS,,red,804,803.0
355a71eb-a8c8-4d84-a9f8-abbe12560c49,2025-04-21,1900-01-01 13:26:00,Yes,E,,,NH,,RS,,,,,E,,,MS,,green,806,805.0
b9dfddbd-d167-4a04-819c-8ae0f0f32767,2025-04-21,1900-01-01 13:27:00,Yes,E,,,NH,,RS,,,,,E,,,MS,,green,807,807.0
b48f98e9-d019-4e9f-91f0-2b327cffafcf,2025-04-21,1900-01-01 13:29:00,Yes,E,,,NH,,RS,,,,,E,,,MS,,green,809,809.0
1d2edd21-31d9-4237-a412-4ee8bbd01bf2,2025-04-21,1900-01-01 13:31:00,,RS,,,,,M,,,,,RS,,,,,,811,811.0
d0f4f746-8f78-4b03-b967-6574c83b5704,2025-04-21,1900-01-01 13:33:00,,RS,,,,,E,,,,,RS,,,,,red,813,813.0
a6ee6a9d-32a6-4cd5-a168-92f8c3511a45,2025-04-21,1900-01-01 13:35:00,Yes,RS,,,,,E,,,,,RS,,,,,green,815,815.0
46e175c9-3ddb-4696-9bdc-e7c0439faf74,2025-04-21,1900-01-01 13:38:00,,E,,,,,RL,,,,,RL,,,,,,818,817.0
e3dd7f43-e81e-4763-9917-57ad7aa9a6cf,2025-04-21,1900-01-01 13:42:00,,RS,,,,,RS,,,,,RL,,,,,red,822,821.0
e41ea873-6a73-4352-98ba-5b906d63d4b9,2025-04-21,1900-01-01 13:44:00,Yes,RS,,,,,RS,,,,,RL,,,,,green,824,823.0
f30f185e-bba5-4396-8054-84a050840a77,2025-04-21,1900-01-01 13:45:00,Yes,RS,,,,,RS,,,,,RL,,,,,green,825,825.0
31eb74ae-6c75-467e-97cf-74f12d29eb9a,2025-04-21,1900-01-01 13:47:00,,RS,,,,,RL,,,,,E,,,,,,827,827.0
c899f153-c49f-4b6d-9506-8c5a9ca64f98,2025-04-21,1900-01-01 13:50:00,,RS,,,,,E,,,,,E,,,,,,830,829.0
8c9c6ab1-794b-4f00-9c9e-092bebe20b40,2025-04-21,1900-01-01 13:52:00,,RS,,,,,E,,,,,RS,,,,,red,832,831.0
2cfd8115-2e19-456f-be97-d1179d07d4a7,2025-04-21,1900-01-01 13:53:00,Yes,RS,,,,,E,,,,,RS,,,,,green,833,833.0
e5d1ea51-7f5c-4595-b37e-a2ca5a9801d0,2025-04-21,1900-01-01 13:56:00,Yes,RS,,,,,E,,,,,RS,,,,,green,836,835.0
600170a8-866d-4226-9d84-4deb10501828,2025-04-21,1900-01-01 13:58:00,Yes,RS,,,,,E,,,,,RS,,,,,green,838,837.0
adeb8452-52e7-4106-ac28-6fea2df28483,2025-04-21,1900-01-01 13:59:00,,RS,,,,,RS,,,,,E,,,,,red,839,839.0
3c1f1a93-cbd1-4f3c-9462-cf9f904afc20,2025-04-21,1900-01-01 14:02:00,Yes,RS,,,,,RS,,,,,E,,,,,green,842,841.0
0c209788-5368-404b-a446-7820eb4f0959,2025-04-21,1900-01-01 14:04:00,Yes,RS,,,,,RS,,,,,E,,,,,green,844,843.0
073c29ba-234d-485b-b35c-98fb92c62c10,2025-04-21,1900-01-01 14:06:00,,RL,,,,,RS,,,,,E,,,,,red,846,845.0
e40c7c7c-9c53-4bc8-8ddd-add9dc42a232,2025-04-21,1900-01-01 14:08:00,Yes,RL,,,,,RS,,,,,E,,,,,green,848,847.0
7c2dff4c-eb2c-42de-90fc-c737e55cbbae,2025-04-21,1900-01-01 14:09:00,Yes,RL,,,,,RS,,,,,E,,,,,green,849,849.0
e6ede98b-38e0-43a6-ae2c-8710a1b3aa27,2025-04-21,1900-01-01 14:11:00,,RS,,,,,RS,,,,,E,,,,,,851,851.0
f3f62cc0-72bf-4801-81cc-2a21e7a101e8,2025-04-21,1900-01-01 14:13:00,,RS,,,,,RS,,,,,RS,,,,,,853,853.0
565afa6f-0414-43d2-938d-ad14adbb666b,2025-04-21,1900-01-01 14:15:00,,RS,,,,,RS,,,,,RS,,,,,red,855,855.0
38ff8afc-033e-445b-a957-2cc0164b9633,2025-04-21,1900-01-01 14:18:00,Yes,RS,,,,,RS,,,,,RS,,,,,green,858,857.0
3642931f-865a-4cb7-b25e-8d59d614fb9b,2025-04-21,1900-01-01 14:19:00,Yes,RS,,,,,RS,,,,,RS,,,,,green,859,859.0
2ae3a3ed-ab21-46c7-a788-576783aacf75,2025-04-21,1900-01-01 14:22:00,Yes,RS,,,,,RS,,,,,RS,,,,,green,862,861.0
6c96495f-dbbc-46a8-b004-250eb10fb177,2025-04-21,1900-01-01 14:24:00,Yes,RS,,,,,RS,,,,,RS,,,,,green,864,863.0
5e8d34cd-111f-490e-b378-cbc30a492bd2,2025-04-21,1900-01-01 14:25:00,,RS,,,,,GM,NH,,,,GM,ST,,,,,865,865.0
47560441-84bc-41da-ba4f-8221df8365b1,2025-04-21,1900-01-01 14:28:00,,RS,,,,,GR,NH,,,,GG,ST,,,,red,868,867.0
cdf55136-183d-42ca-8d70-169df15733ec,2025-04-21,1900-01-01 14:29:00,Yes,RS,,,,,GR,NH,,,,GG,ST,,,,green,869,869.0
ac951aa7-76f7-40ed-b0f3-0e8158d7d1a5,2025-04-21,1900-01-01 14:32:00,,M,,,,,RS,,,,,RL,,,,,red,872,871.0
172f81b4-1dc4-4890-bee7-3d6eaed9c77c,2025-04-21,1900-01-01 14:34:00,Yes,M,,,,,RS,,,,,RL,,,,,green,874,873.0
4f1bbd52-e908-4b78-a51e-1230f7576849,2025-04-21,1900-01-01 14:36:00,,RS,,,,,RS,,,,,RL,,,,,red,876,875.0
befc0a8f-a282-4aaa-b006-e10a7c3faa28,2025-04-21,1900-01-01 14:37:00,Yes,RS,,,,,RS,,,,,RL,,,,,green,877,877.0
c162c421-b59c-46a5-b4f6-c4edc7a1c41e,2025-04-21,1900-01-01 14:39:00,Yes,RS,,,,,RS,,,,,RL,,,,,green,879,879.0
7a5b65b6-0a96-423a-8983-c24c09896952,2025-04-21,1900-01-01 14:41:00,Yes,RS,,,,,RS,,,,,RL,,,,,green,881,881.0
7c4515d6-e444-46bf-9a41-8335be589777,2025-04-21,1900-01-01 14:43:00,Yes,RS,,,,,RS,,,,,RL,,,,,green,883,883.0
1be64366-7c1e-41c1-8fac-2390ea104cb5,2025-04-21,1900-01-01 14:46:00,Yes,RS,,,,,RS,,,,,RL,,,,,green,886,885.0
6bd8602e-7445-444d-a420-78dc99638532,2025-04-22,1900-01-01 09:35:00,,RS,,,,,RS,,,,,RL,,,,,,575,574.0
4c159221-fd58-4163-be70-71c0ea7d0316,2025-04-22,1900-01-01 09:37:00,,RS,,,,,GR,NH,,,,GG,ST,,,,red,577,576.0
e782df55-180f-491f-bfba-82e2014101d0,2025-04-22,1900-01-01 09:39:00,Yes,RS,,,,,GR,NH,,,,GG,ST,,,,green,579,578.0
a129cc52-458b-4753-a059-e51e0c6550dd,2025-04-22,1900-01-01 09:41:00,,M,,,,,M,,,,,RS,,,,,,581,580.0
47650b7a-1bd6-4121-a718-28cc46d567a0,2025-04-22,1900-01-01 09:43:00,,M,,,,,RS,,,,,DS,,,,Pan hoot towards cage c,,583,582.0
a41d682c-f476-4c84-a8e9-c9217e469766,2025-04-22,1900-01-01 09:45:00,,M,,,,,RS,,NH,,,RS,,ST,,,red,585,584.0
4b93a50d-bf63-47be-87df-4f14dba62244,2025-04-22,1900-01-01 09:47:00,Yes,M,,,,,RS,,NH,,,RS,,ST,,,green,587,586.0
3737ab5f-50d1-4467-8db3-5b6cd100b10d,2025-04-22,1900-01-01 09:49:00,,RS,,,,,RS,,NH,,,RS,,ST,,,red,589,588.0
60c6c8f0-e134-43b4-8754-3ae219cdc962,2025-04-22,1900-01-01 09:51:00,Yes,RS,,,,,RS,,NH,,,RS,,ST,,,green,591,590.0
905c72da-7874-4d10-b93d-01ad9b2c7821,2025-04-22,1900-01-01 09:53:00,,RS,,,,,RS,,,,,M,,,,,,593,592.0
5d0946b7-2be5-4495-84a6-6e832d4c41cc,2025-04-22,1900-01-01 09:55:00,,RS,,NH,,,RS,,,,,RS,,MS,,,red,595,594.0
f7f84888-ef4e-41f6-880e-d33a66f91d5c,2025-04-22,1900-01-01 09:57:00,Yes,RS,,NH,,,RS,,,,,RS,,MS,,,green,597,596.0
7f457369-2893-4318-8866-0a37d639c540,2025-04-22,1900-01-01 09:59:00,Yes,RS,,NH,,,RS,,,,,RS,,MS,,,green,599,598.0
041b9348-f098-4305-9d7f-c8b114326df0,2025-04-22,1900-01-01 10:01:00,,GR,ST,NH,,,GG,MS,NH,,,RS,,"ST, MS",,,,601,600.0
6f8b5a3c-78b4-4467-a359-39478fd37565,2025-04-22,1900-01-01 10:03:00,,RS,,ST,,,RS,,MS,,,RS,,,,,,603,602.0
c3ab06fc-b311-4e37-9b54-13339b1c63d0,2025-04-22,1900-01-01 10:05:00,,M,,"ST, NH",,,M,,"MS, NH",,,RS,,"ST, MS",,,,605,604.0
1167e2b4-a694-4a54-ba4b-daa2289c74ba,2025-04-22,1900-01-01 10:07:00,,RS,,ST,,,RS,,MS,,,RS,,,,,red,607,606.0
4abfbb6c-a7a3-4461-ad8d-646f457ed19c,2025-04-22,1900-01-01 10:09:00,Yes,RS,,ST,,,RS,,MS,,,RS,,,,,green,609,608.0
6a8b5f71-68e2-4c01-b60c-c59d939b9773,2025-04-22,1900-01-01 10:11:00,Yes,RS,,ST,,,RS,,MS,,,RS,,,,,green,611,610.0
74455d2a-db76-4f47-8f80-e69299400127,2025-04-22,1900-01-01 10:13:00,,RS,,,NH,,RS,,,,,RS,,,MS,,,613,612.0
a29fee67-30b3-4270-83f6-a1365b57b212,2025-04-22,1900-01-01 10:15:00,,RS,,,,,RS,,,,,RS,,,,,,615,614.0
33d65e57-2445-40b1-a208-87eef1c0b16f,2025-04-22,1900-01-01 10:17:00,,RS,,,,,RS,,,,,RS,,,,,red,617,616.0
5da91d40-3192-4462-b65d-a752edd47a89,2025-04-22,1900-01-01 10:19:00,Yes,RS,,,,,RS,,,,,RS,,,,,green,619,618.0
36918c41-01fd-4a34-af4a-560aa2707cf1,2025-04-22,1900-01-01 10:21:00,,RS,,,,,RS,,,,,RS,,,,,,621,620.0
9b486c17-6583-4f8e-b725-f9304f2f852f,2025-04-22,1900-01-01 10:23:00,,RS,,,,,RS,,,NH,,RS,,,ST,,,623,622.0
81be6fe5-5a04-4b5d-848e-23d26f29a7e7,2025-04-22,1900-01-01 10:25:00,,RS,,,,,RS,,,,,RS,,,,,red,625,624.0
f7becd8e-7713-47dc-9fbb-01672b1e9df5,2025-04-22,1900-01-01 10:27:00,Yes,RS,,,,,RS,,,,,RS,,,,,green,627,626.0
59b060c2-15d2-409a-b0df-c83173e53a85,2025-04-22,1900-01-01 10:29:00,Yes,RS,,,,,RS,,,,,RS,,,,,green,629,628.0
4bb91234-e9e5-4138-9d3a-8e524a365a17,2025-04-22,1900-01-01 10:52:00,,RS,,,,,M,,NH,,,M,,ST,,,,652,651.0
04382ca9-b343-41fc-ab68-59a0d5b0a1bc,2025-04-22,1900-01-01 10:54:00,,RS,,,,,RS,,,,,RS,,,,,red,654,653.0
2344f164-e47b-436e-b1b2-bb1568747c71,2025-04-22,1900-01-01 10:56:00,Yes,RS,,,,,RS,,,,,RS,,,,,green,656,655.0
3c99744f-7cd2-44ae-a5cf-3710e372cafd,2025-04-22,1900-01-01 10:58:00,Yes,RS,,,,,RS,,,,,RS,,,,,green,658,657.0
5d9fad20-20fa-4ea1-84bd-680e1060a45f,2025-04-22,1900-01-01 11:00:00,Yes,RS,,,,,RS,,,,,RS,,,,,green,660,659.0
90d32cb9-e383-4d99-bf1d-2de2fd936603,2025-04-22,1900-01-01 11:02:00,Yes,RS,,,,,RS,,,,,RS,,,,,green,662,661.0
973c8299-0cfa-4576-b4d7-88bd0459773a,2025-04-22,1900-01-01 11:04:00,,RS,,,,,RS,,,,,RS,,,,,,664,663.0
17e571bf-7292-44db-b145-53adcf655864,2025-04-22,1900-01-01 11:06:00,,RS,,,,,GR,NH,,,,GG,ST,,,,red,666,665.0
4cef4b5f-f3e2-4b14-8881-9bc82e4543e8,2025-04-22,1900-01-01 11:08:00,Yes,RS,,,,,GR,NH,,,,GG,ST,,,,green,668,667.0
cd6c8241-ace5-4f75-a289-7c8e1b5ccca1,2025-04-22,1900-01-01 11:10:00,Yes,RS,,,,,GR,NH,,,,GG,ST,,,,green,670,669.0
7b91b444-90b8-401c-9094-57ea5363237a,2025-04-22,1900-01-01 11:12:00,Yes,RS,,,,,GR,NH,,,,GG,ST,,,,green,672,671.0
0f673f6a-252e-4175-b1bd-87240de5dd53,2025-04-22,1900-01-01 11:14:00,,RS,,,,,RS,,,,,RS,,,,,red,674,673.0
c7093aa9-028e-4d3c-8ffd-8bf36b1accff,2025-04-22,1900-01-01 11:16:00,Yes,RS,,,,,RS,,,,,RS,,,,,green,676,675.0
9bbaa949-29a8-4976-9454-51d568aa569b,2025-04-22,1900-01-01 11:18:00,,RS,,,,,DS,,,,,RS,,,,,,678,677.0
680a543f-5e61-4d08-bf2e-f4a7134bda73,2025-04-22,1900-01-01 11:20:00,,RS,,,,,DS,,,,,RS,,,,,,680,679.0
d6a23649-62b4-4809-bfcc-5f5516cd5ddc,2025-04-22,1900-01-01 11:22:00,,RS,,,,,RS,,,,,RS,,,,Displayed,,682,681.0
48f3b3f1-15d0-4b50-b6e9-e18dd9de4fe8,2025-04-22,1900-01-01 11:24:00,,RS,,,,,PL,,NH,,,PL,,ST,,,red,684,683.0
427e1132-5a8d-4e21-8340-ef0e2138ed8d,2025-04-22,1900-01-01 11:26:00,Yes,RS,,,,,PL,,NH,,,PL,,ST,,,green,686,685.0
2f92f495-8d14-450e-8e16-d7a8cdda0fc0,2025-04-22,1900-01-01 11:28:00,Yes,RS,,,,,PL,,NH,,,PL,,ST,,,green,688,687.0
823e0128-be98-43ef-a7de-48e44bd08c3c,2025-04-22,1900-01-01 11:30:00,Yes,RS,,,,,PL,,NH,,,PL,,ST,,,green,690,689.0
bfcf0e24-973a-45b7-a8c4-7185c63aef76,2025-04-22,1900-01-01 11:32:00,,RS,,,,,RS,,,NH,,RS,,,ST,,red,692,691.0
470331e1-42e6-43d4-a3eb-78078ee2127e,2025-04-22,1900-01-01 11:34:00,Yes,RS,,,,,RS,,,NH,,RS,,,ST,,green,694,693.0
e00e5389-cd9f-475b-817a-f42e20097714,2025-04-22,1900-01-01 11:36:00,Yes,RS,,,,,RS,,,NH,,RS,,,ST,,green,696,695.0
7f3c0cc0-4022-4fe3-8e38-7398a238ef44,2025-04-22,1900-01-01 11:38:00,Yes,RS,,,,,RS,,,NH,,RS,,,ST,,green,698,697.0
71527be2-f57d-4fd0-820c-c8fd53bb535c,2025-04-22,1900-01-01 11:40:00,,RS,,,,,RS,,,,,RS,,,,,red,700,699.0
7953e96f-4082-44ef-a0bf-707fb5ac1de7,2025-04-22,1900-01-01 11:42:00,Yes,RS,,,,,RS,,,,,RS,,,,,green,702,701.0
5ce797c3-88ad-4e7f-8c40-5ca1fb0874cc,2025-04-22,1900-01-01 11:44:00,,RS,,,,,RS,,,,,M,,,,,,704,703.0
